date,Open,High,Low,Close,Volume
4/29/2009,3.4,3.56,3.38,3.51,11537950
4/30/2009,3.55,3.73,3.53,3.61,18193730
5/1/2009,3.55,3.9,3.55,3.82,16233940
5/4/2009,3.9,4.3,3.83,4.26,21236940
5/5/2009,4.36,4.39,4.11,4.32,16369170
5/6/2009,4.45,4.45,4.12,4.31,15075630
5/7/2009,4.22,4.35,3.91,4.01,23369680
5/8/2009,4.12,4.15,3.84,3.93,14316080
5/11/2009,3.9,4.37,3.87,4.22,25214610
5/12/2009,4.41,4.5,4.13,4.35,29715910
5/13/2009,4.36,4.67,4.33,4.38,35462450
5/14/2009,4.35,4.57,4.07,4.24,33845500
5/15/2009,4.26,4.37,3.93,4.01,30087120
5/18/2009,4.19,4.25,4.06,4.14,19644630
5/19/2009,4.3,4.5,4.24,4.39,22936030
5/20/2009,4.57,4.76,4.44,4.5,25208560
5/21/2009,4.45,4.46,4.25,4.34,14475570
5/22/2009,4.43,4.43,4.25,4.26,8274297
5/26/2009,4.26,4.57,4.23,4.53,16077030
5/27/2009,4.57,4.8,4.55,4.71,21508280
5/28/2009,4.75,4.84,4.54,4.7,18365310
5/29/2009,4.71,4.78,4.38,4.54,24513080
6/1/2009,4.69,4.9,4.64,4.73,26601030
6/2/2009,4.68,4.7,4.55,4.56,24929570
6/3/2009,4.55,4.6,4.34,4.48,19079900
6/4/2009,4.57,4.74,4.54,4.65,19698060
6/5/2009,4.84,4.87,4.61,4.63,18769500
6/8/2009,4.58,4.67,4.5,4.61,12304240
6/9/2009,4.7,4.8,4.68,4.75,18762410
6/10/2009,4.81,4.86,4.7,4.82,18316570
6/11/2009,4.83,4.87,4.68,4.7,15841310
6/12/2009,4.75,4.79,4.33,4.47,39905250
6/15/2009,4.39,4.45,4.21,4.26,27451800
6/16/2009,4.3,4.35,4.1,4.13,27513390
6/17/2009,4.13,4.17,3.86,4.08,32794600
6/18/2009,4.03,4.07,3.81,3.85,29174170
6/19/2009,3.92,3.98,3.86,3.87,20840130
6/22/2009,3.84,3.86,3.61,3.62,21533580
6/23/2009,3.67,3.69,3.425,3.55,21377070
6/24/2009,3.63,3.78,3.6,3.66,19656660
6/25/2009,3.62,3.68,3.53,3.64,14538840
6/26/2009,3.69,3.71,3.62,3.62,16700730
6/29/2009,3.72,3.78,3.65,3.72,14882390
6/30/2009,3.77,3.98,3.74,3.87,24127250
7/1/2009,3.93,4.05,3.88,3.91,25967860
7/2/2009,3.84,3.89,3.76,3.78,13398670
7/6/2009,3.74,3.77,3.5,3.55,26785810
7/7/2009,3.63,3.63,3.35,3.43,20437320
7/8/2009,3.43,3.49,3.22,3.36,32692250
7/9/2009,3.43,3.56,3.38,3.48,19991060
7/10/2009,3.43,3.56,3.42,3.49,12988380
7/13/2009,3.53,3.6,3.36,3.56,15478030
7/14/2009,3.59,3.61,3.49,3.55,14396050
7/15/2009,3.8,3.97,3.8,3.86,35890720
7/16/2009,3.9,3.95,3.76,3.92,18714220
7/17/2009,3.95,4,3.89,4,15918480
7/20/2009,4.03,4.18,4,4.17,30637190
7/21/2009,4.25,4.25,3.95,4.08,47042130
7/22/2009,3.54,3.64,3.41,3.55,66549950
7/23/2009,3.54,3.6,3.49,3.59,26234650
7/24/2009,3.56,3.81,3.54,3.77,25147540
7/27/2009,3.82,3.84,3.71,3.8,15776630
7/28/2009,3.77,3.81,3.7,3.77,15661620
7/29/2009,3.77,3.79,3.65,3.71,18376800
7/30/2009,3.78,3.81,3.65,3.66,20784480
7/31/2009,3.66,3.73,3.65,3.66,14278010
8/3/2009,3.75,3.78,3.7,3.74,12824160
8/4/2009,3.75,3.85,3.68,3.76,20091200
8/5/2009,3.77,3.79,3.7,3.75,12121100
8/6/2009,3.75,3.79,3.66,3.71,11638200
8/7/2009,3.77,3.77,3.66,3.7,12255360
8/10/2009,3.71,3.71,3.65,3.68,10631800
8/11/2009,3.68,3.69,3.55,3.59,12645140
8/12/2009,3.6,3.63,3.56,3.59,13461230
8/13/2009,3.61,3.71,3.52,3.68,22041840
8/14/2009,3.66,3.76,3.59,3.69,23171590
8/17/2009,3.55,3.61,3.52,3.55,15691720
8/18/2009,3.55,3.58,3.49,3.56,23268940
8/19/2009,3.49,3.525,3.47,3.52,10910470
8/20/2009,3.53,3.55,3.49,3.52,6528869
8/21/2009,3.53,3.71,3.51,3.7,20128290
8/24/2009,3.93,4.1,3.88,4,49167240
8/25/2009,4.13,4.14,4.02,4.02,28046750
8/26/2009,4.03,4.08,4,4.06,20669030
8/27/2009,4.04,4.26,4,4.23,26079130
8/28/2009,4.45,4.55,4.3,4.47,41922910
8/31/2009,4.32,4.38,4.23,4.36,22117050
9/1/2009,4.36,4.57,4.18,4.22,32570370
9/2/2009,4.19,4.33,4.13,4.28,18990770
9/3/2009,4.39,4.56,4.35,4.53,33174350
9/4/2009,4.55,4.56,4.38,4.53,19614140
9/8/2009,4.6,5.24,4.57,5.19,73293380
9/9/2009,5.15,5.3,5,5.2,44373370
9/10/2009,5.29,5.45,5.2,5.38,39061150
9/11/2009,5.49,5.75,5.45,5.68,48450210
9/14/2009,5.62,5.78,5.51,5.72,27529330
9/15/2009,5.77,5.94,5.72,5.88,26727930
9/16/2009,5.85,5.87,5.57,5.69,43022440
9/17/2009,5.69,5.78,5.55,5.67,38144110
9/18/2009,5.74,5.75,5.43,5.7,34234700
9/21/2009,5.57,5.89,5.56,5.81,26252970
9/22/2009,5.91,6.3,5.84,6.08,39945640
9/23/2009,6.18,6.28,6,6.02,34427200
9/24/2009,6.06,6.09,5.57,5.66,36253300
9/25/2009,5.52,5.83,5.51,5.83,29799610
9/28/2009,5.87,6.06,5.79,5.94,20210120
9/29/2009,5.85,6.1,5.72,5.78,31039480
9/30/2009,5.8,5.85,5.59,5.66,37529900
10/1/2009,5.62,5.65,5.27,5.39,42687720
10/2/2009,5.22,5.45,5.05,5.31,31799670
10/5/2009,5.15,5.63,5.12,5.54,29205740
10/6/2009,5.67,5.78,5.53,5.64,21868910
10/7/2009,5.66,5.69,5.52,5.54,16855480
10/8/2009,5.58,5.67,5.46,5.51,20260170
10/9/2009,5.51,5.9,5.51,5.88,27308890
10/12/2009,6.13,6.29,6.08,6.14,38496060
10/13/2009,6.21,6.22,6.06,6.08,29482100
10/14/2009,6.31,6.36,6.16,6.25,32130450
10/15/2009,6.21,6.23,6.05,6.19,37263140
10/16/2009,5.89,5.9399,5.65,5.74,62152160
10/19/2009,5.78,5.89,5.68,5.87,20515610
10/20/2009,5.94,6.18,5.92,5.98,35576430
10/21/2009,5.89,6.07,5.7,5.77,27026900
10/22/2009,5.76,5.87,5.61,5.83,21165390
10/23/2009,5.93,5.93,5.52,5.6,26643510
10/26/2009,5.62,5.71,5.34,5.42,26786650
10/27/2009,5.42,5.47,5.07,5.15,31023820
10/28/2009,4.98,5.02,4.75,4.85,30652100
10/29/2009,4.95,5.1,4.9,4.93,27134080
10/30/2009,4.98,4.98,4.545,4.6,31587350
11/2/2009,4.68,4.78,4.44,4.6,23819910
11/3/2009,4.49,4.65,4.33,4.64,23034730
11/4/2009,4.71,4.88,4.67,4.69,25192300
11/5/2009,4.81,4.86,4.72,4.83,14630560
11/6/2009,4.84,5.05,4.79,5.04,20914320
11/9/2009,5.12,5.24,5.1,5.21,15786960
11/10/2009,5.2,5.31,5.07,5.14,16253650
11/11/2009,5.23,5.35,5.2,5.32,24474740
11/12/2009,6.64,6.73,6.35,6.48,163011400
11/13/2009,6.26,6.56,6.17,6.53,68089060
11/16/2009,6.56,6.7,6.32,6.43,48783000
11/17/2009,6.37,6.64,6.35,6.62,26731550
11/18/2009,6.71,7.33,6.7,7.32,79097880
11/19/2009,7.2,7.3,6.78,7.05,65837160
11/20/2009,6.9,6.995,6.8,6.95,28181510
11/23/2009,7.03,7.15,6.94,7,29233740
11/24/2009,7.01,7.07,6.83,6.95,18549670
11/25/2009,7.01,7.12,6.965,7.11,16360830
11/27/2009,6.69,7,6.68,6.85,16185080
11/30/2009,6.9,7.011,6.78,7.01,19363390
12/1/2009,7.11,7.25,7.01,7.2,23136360
12/2/2009,7.21,7.5,7.21,7.3,26884870
12/3/2009,7.37,8.23,7.36,8.03,68998930
12/4/2009,8.09,8.25,7.65,7.86,43842330
12/7/2009,8.25,8.61,8.23,8.52,45590890
12/8/2009,8.43,8.815,8.34,8.67,41600090
12/9/2009,8.81,8.87,8.55,8.71,30300030
12/10/2009,8.82,8.895,8.57,8.58,25950770
12/11/2009,8.61,8.69,8.43,8.64,20037170
12/14/2009,8.81,8.84,8.58,8.68,24212760
12/15/2009,8.65,9.08,8.57,8.82,30504000
12/16/2009,9.14,9.39,8.82,9.15,43159360
12/17/2009,9.03,9.3,9,9.12,19926540
12/18/2009,9,9.12,8.93,9.05,15931910
12/21/2009,9.09,9.59,9.01,9.53,30412620
12/22/2009,9.55,9.76,9.29,9.43,26187140
12/23/2009,9.45,9.69,9.42,9.67,19547360
12/24/2009,9.79,9.95,9.775,9.91,11331970
12/28/2009,9.97,10.04,9.71,9.83,17262880
12/29/2009,9.81,9.91,9.44,9.75,20977380
12/30/2009,9.63,9.83,9.58,9.72,14400480
12/31/2009,9.75,9.77,9.625,9.68,9396454
1/4/2010,9.79,9.9,9.68,9.7,18719210
1/5/2010,9.71,9.9,9.68,9.71,22109100
1/6/2010,9.68,9.76,9.55,9.57,18640620
1/7/2010,9.51,9.55,9.18,9.47,26793490
1/8/2010,9.37,9.47,9.29,9.43,13752150
1/11/2010,9.38,9.44,9.08,9.14,23615690
1/12/2010,8.89,8.92,8.52,8.65,33379050
1/13/2010,8.71,9.2,8.55,9.15,32711720
1/14/2010,9.18,9.26,8.92,9,22451350
1/15/2010,9.13,9.19,8.8,8.84,34323200
1/19/2010,8.84,9.21,8.84,9.01,24841830
1/20/2010,8.98,9,8.755,8.87,22785770
1/21/2010,9.01,9.1,8.7701,8.99,37676450
1/22/2010,8.55,8.56,7.82,7.88,69078360
1/25/2010,8.01,8.14,7.93,8.07,20548860
1/26/2010,8.03,8.19,7.93,8.09,20930520
1/27/2010,8.03,8.22,7.91,8.19,26824320
1/28/2010,8.24,8.25,7.71,7.88,32068170
1/29/2010,8.01,8.1,7.3,7.46,37390460
2/1/2010,7.61,7.98,7.53,7.98,25440380
2/2/2010,7.74,7.96,7.72,7.91,21106160
2/3/2010,7.83,7.96,7.76,7.81,14521660
2/4/2010,7.64,7.65,7.1,7.19,33124270
2/5/2010,7.13,7.37,6.98,7.35,28773250
2/8/2010,7.38,7.62,7.28,7.42,24288750
2/9/2010,7.59,7.64,7.42,7.54,19962880
2/10/2010,7.47,7.71,7.45,7.64,17268430
2/11/2010,7.67,7.9,7.6,7.84,14961060
2/12/2010,7.71,8,7.6485,7.87,21786760
2/16/2010,7.91,8.14,7.87,8.06,13565840
2/17/2010,8.11,8.2,7.94,8.03,12019200
2/18/2010,7.98,8.08,7.87,7.95,14645920
2/19/2010,7.82,7.99,7.82,7.93,8099694
2/22/2010,7.96,8,7.83,7.9,9698492
2/23/2010,7.91,7.94,7.69,7.79,15568400
2/24/2010,7.78,8.1,7.77,8.05,16542430
2/25/2010,7.88,7.89,7.62,7.89,20947080
2/26/2010,7.83,7.96,7.68,7.91,17076070
3/1/2010,7.94,8.25,7.94,8.21,14845140
3/2/2010,8.33,8.6,8.29,8.38,25495670
3/3/2010,8.44,8.55,8.28,8.35,14236770
3/4/2010,8.37,8.5,8.28,8.5,14438360
3/5/2010,8.55,8.7,8.48,8.61,14819000
3/8/2010,8.66,8.69,8.51,8.64,12759120
3/9/2010,8.5,8.69,8.43,8.63,17627060
3/10/2010,8.6,9.09,8.59,8.92,23415840
3/11/2010,8.91,9,8.74,8.95,15984500
3/12/2010,9.04,9.04,8.9,8.93,12802500
3/15/2010,8.88,8.95,8.8,8.92,11419460
3/16/2010,8.95,9.42,8.94,9.4,25355170
3/17/2010,9.47,9.74,9.42,9.67,23571100
3/18/2010,9.62,9.66,9.26,9.39,17771290
3/19/2010,9.38,9.41,9.1,9.11,15930180
3/22/2010,8.91,9.32,8.79,9.31,15099300
3/23/2010,9.34,9.49,9.26,9.45,10615710
3/24/2010,9.38,9.38,9.2,9.23,12091050
3/25/2010,9.35,9.44,9.02,9.03,15823060
3/26/2010,9.11,9.19,8.91,9.02,12150420
3/29/2010,9.08,9.2,9.06,9.11,9610309
3/30/2010,9.21,9.28,9.09,9.27,13440680
3/31/2010,9.15,9.44,9.13,9.27,12850020
4/1/2010,9.34,9.49,9.22,9.37,11756310
4/5/2010,9.47,9.54,9.42,9.53,10464210
4/6/2010,9.44,9.49,9.18,9.35,18738340
4/7/2010,9.38,9.83,9.25,9.66,29120290
4/8/2010,9.63,9.63,9.33,9.42,21484340
4/9/2010,9.49,9.58,9.28,9.3,24195500
4/12/2010,9.37,9.53,9.35,9.42,16576140
4/13/2010,9.42,9.59,9.35,9.56,15032690
4/14/2010,9.82,9.965,9.71,9.89,29137930
4/15/2010,9.97,10.24,9.9,10.16,54533450
4/16/2010,9.78,9.9,9.37,9.81,67693610
4/19/2010,9.73,9.8382,9.29,9.58,27860500
4/20/2010,9.74,9.81,9.63,9.77,21243630
4/21/2010,9.8,9.91,9.49,9.78,28631380
4/22/2010,9.57,9.9,9.45,9.86,22369590
4/23/2010,9.81,9.85,9.61,9.76,18825820
4/26/2010,9.8,10.15,9.7,9.97,24334580
4/27/2010,9.84,10.06,9.53,9.58,27143240
4/28/2010,9.69,9.8,9.35,9.55,23011430
4/29/2010,9.7,9.78,9.59,9.72,14350360
4/30/2010,9.72,9.72,9.06,9.07,37958890
5/3/2010,9.18,9.38,9.02,9.29,27504640
5/4/2010,9.08,9.08,8.54,8.68,46458590
5/5/2010,8.44,8.88,8.35,8.58,36748340
5/6/2010,8.58,8.72,7.81,8.27,44849690
5/7/2010,8.3,8.67,7.92,8.38,48442280
5/10/2010,8.92,9.03,8.31,8.99,34686900
5/11/2010,8.85,9.29,8.75,9.07,41061890
5/12/2010,9.2,9.58,9.15,9.49,33539570
5/13/2010,9.52,9.78,9.32,9.42,33217860
5/14/2010,9.24,9.31,8.57,8.8,59012160
5/17/2010,8.75,8.87,8.47,8.85,27713460
5/18/2010,8.96,9.01,8.37,8.42,29698660
5/19/2010,8.23,8.63,8.2,8.47,29864740
5/20/2010,8.27,8.37,8,8.09,37458710
5/21/2010,7.87,8.55,7.75,8.4,39731410
5/24/2010,8.32,8.56,8.07,8.09,24503140
5/25/2010,7.75,8.15,7.68,8.15,30404950
5/26/2010,8.39,8.59,8.18,8.22,37479000
5/27/2010,8.45,8.8,8.4,8.8,24219670
5/28/2010,8.84,8.87,8.45,8.57,28072570
6/1/2010,8.43,8.43,8.14,8.14,31186630
6/2/2010,8.26,8.54,8.11,8.54,24141970
6/3/2010,8.59,8.73,8.36,8.69,22533740
6/4/2010,8.42,8.665,8.01,8.105,37600820
6/7/2010,8.2,8.22,7.64,7.71,27179180
6/8/2010,7.75,7.88,7.42,7.77,36005600
6/9/2010,7.91,8.05,7.58,7.61,24745120
6/10/2010,7.78,8.04,7.74,8.01,27986620
6/11/2010,7.85,8.18,7.81,8.12,21054220
6/14/2010,8.31,8.45,8.24,8.28,21792340
6/15/2010,8.35,8.88,8.34,8.82,35673880
6/16/2010,8.73,9.19,8.65,8.9,33533170
6/17/2010,9.05,9.05,8.71,8.91,21698820
6/18/2010,8.92,9.05,8.77,8.83,16524190
6/21/2010,9.03,9.16,8.71,8.8,25871740
6/22/2010,8.81,9.02,8.54,8.58,23876140
6/23/2010,8.63,8.8,8.48,8.56,23034910
6/24/2010,8.51,8.57,8.05,8.13,31270200
6/25/2010,8.22,8.22,7.93,8.09,22847050
6/28/2010,8.14,8.24,7.96,8.05,21543910
6/29/2010,7.93,7.93,7.41,7.48,43853780
6/30/2010,7.58,7.65,7.3,7.32,26403310
7/1/2010,7.35,7.53,7.1,7.39,27289890
7/2/2010,7.45,7.48,7.02,7.17,26073110
7/6/2010,7.4,7.42,6.96,7.04,25865220
7/7/2010,7.04,7.41,7.04,7.39,23664890
7/8/2010,7.52,7.52,7.215,7.37,21822440
7/9/2010,7.34,7.35,7.14,7.34,20371780
7/12/2010,7.38,7.6,7.32,7.36,36004580
7/13/2010,7.6,7.69,7.4287,7.52,38839270
7/14/2010,7.82,7.82,7.33,7.44,49082690
7/15/2010,7.46,7.48,7.18,7.41,51095570
7/16/2010,7.28,7.59,7.11,7.37,72972600
7/19/2010,7.41,7.535,7.22,7.44,27850510
7/20/2010,7.21,7.63,7.15,7.6,30619150
7/21/2010,7.61,7.65,7.35,7.4,28168430
7/22/2010,7.49,7.68,7.36,7.61,25148840
7/23/2010,7.57,7.84,7.46,7.82,28568770
7/26/2010,7.82,8.1,7.68,8.07,32459680
7/27/2010,8.14,8.25,8.03,8.21,34586140
7/28/2010,8.09,8.2,7.875,7.98,30782310
7/29/2010,7.88,7.88,7.58,7.78,40211370
7/30/2010,7.61,7.67,7.41,7.49,35900270
8/2/2010,7.63,7.77,7.47,7.65,29104370
8/3/2010,7.57,7.59,7.41,7.51,20257000
8/4/2010,7.55,7.61,7.44,7.52,18838650
8/5/2010,7.49,7.62,7.45,7.5,14581120
8/6/2010,7.49,7.72,7.43,7.45,33032000
8/9/2010,7.48,7.52,7.38,7.42,26488580
8/10/2010,7.06,7.13,6.75,6.83,80663710
8/11/2010,6.63,6.68,6.41,6.49,54872990
8/12/2010,6.35,6.75,6.26,6.57,55087260
8/13/2010,6.6,6.72,6.47,6.49,24273930
8/16/2010,6.47,6.71,6.43,6.62,20061140
8/17/2010,6.72,6.77,6.62,6.63,14686010
8/18/2010,6.62,6.66,6.51,6.57,20100180
8/19/2010,6.48,6.55,6.28,6.42,21653360
8/20/2010,6.36,6.4404,6.19,6.25,22982120
8/23/2010,6.295,6.36,6.11,6.14,22080790
8/24/2010,6,6.21,5.94,5.99,32874640
8/25/2010,5.92,6.18,5.85,6.13,27766090
8/26/2010,6.19,6.22,5.83,5.87,28958120
8/27/2010,5.94,6.09,5.53,6.08,49321180
8/30/2010,6.02,6.08,5.77,5.78,23609580
8/31/2010,5.69,5.8,5.57,5.61,28567040
9/1/2010,5.75,5.86,5.68,5.76,34991380
9/2/2010,5.82,5.96,5.7,5.93,24405740
9/3/2010,6.05,6.12,5.89,6.09,22263300
9/7/2010,6.04,6.18,5.95,5.95,21637710
9/8/2010,5.96,5.96,5.79,5.83,19353080
9/9/2010,5.945,5.945,5.82,5.86,17190680
9/10/2010,5.88,5.9,5.67,5.81,23093810
9/13/2010,5.89,6.34,5.89,6.18,51715290
9/14/2010,6.16,6.47,6.08,6.27,33660880
9/15/2010,6.25,6.29,6.13,6.22,18333720
9/16/2010,6.21,6.25,6.1,6.15,21538190
9/17/2010,6.21,6.22,6.09,6.12,20186350
9/20/2010,6.16,6.17,6.02,6.09,22864470
9/21/2010,6.1,6.25,6.06,6.171,20614940
9/22/2010,6.12,6.27,6.06,6.26,27111770
9/23/2010,6.2,6.59,6.14,6.4,39439990
9/24/2010,6.6,6.85,6.6,6.84,53638600
9/27/2010,6.92,7.24,6.84,7.02,56224980
9/28/2010,7.06,7.09,6.87,6.95,32203970
9/29/2010,6.87,7.34,6.85,7.28,44179390
9/30/2010,7.39,7.44,6.99,7.11,38510110
10/1/2010,7.2,7.26,7.01,7.05,27508390
10/4/2010,7.03,7.08,6.84,6.94,23020600
10/5/2010,7.04,7.12,6.89,6.98,36272350
10/6/2010,7.01,7.05,6.78,6.86,23465730
10/7/2010,6.89,6.93,6.77,6.87,20987360
10/8/2010,6.87,7.1,6.79,7.05,25379310
10/11/2010,7.1,7.28,7.08,7.24,24687210
10/12/2010,7.26,7.35,7.16,7.3,27686800
10/13/2010,7.45,7.48,7.22,7.22,32256990
10/14/2010,7.23,7.25,7,7.139,35791020
10/15/2010,7.36,7.39,7.01,7.12,37670150
10/18/2010,7.11,7.13,6.89,6.96,26643310
10/19/2010,6.86,7.14,6.8,6.95,39315980
10/20/2010,6.98,7.05,6.8,6.82,45568590
10/21/2010,6.87,6.95,6.79,6.89,23130380
10/22/2010,6.86,7,6.86,6.89,21179000
10/25/2010,6.96,7.33,6.94,7.26,37036540
10/26/2010,7.2,7.3,7.14,7.2,16108570
10/27/2010,7.17,7.35,7.16,7.35,18441460
10/28/2010,7.36,7.68,7.34,7.63,32400570
10/29/2010,7.61,7.63,7.31,7.335,26826900
11/1/2010,7.48,7.5,7.3,7.36,20604320
11/2/2010,7.41,7.63,7.4,7.535,21736400
11/3/2010,7.52,7.67,7.47,7.64,20356200
11/4/2010,7.71,8,7.67,8,29567540
11/5/2010,8.03,8.16,7.97,8.04,24711770
11/8/2010,8.03,8.22,8.03,8.14,28465510
11/9/2010,8.22,8.24,7.85,7.91,42670870
11/10/2010,7.89,7.94,7.7,7.75,31290490
11/11/2010,7.56,7.68,7.46,7.63,17939230
11/12/2010,7.59,7.85,7.5,7.63,34469660
11/15/2010,7.75,7.82,7.56,7.565,15850480
11/16/2010,7.49,7.65,7.42,7.43,26798480
11/17/2010,7.32,7.43,7.24,7.33,17760140
11/18/2010,7.43,7.48,7.3,7.35,13892750
11/19/2010,7.36,7.53,7.27,7.47,14459560
11/22/2010,7.44,7.56,7.3025,7.41,12062820
11/23/2010,7.32,7.41,7.26,7.32,10386650
11/24/2010,7.38,7.67,7.37,7.62,14304840
11/26/2010,7.6,7.65,7.51,7.55,4053140
11/29/2010,7.47,7.5,7.26,7.38,15563650
11/30/2010,7.29,7.37,7.26,7.29,12916880
12/1/2010,7.41,7.6,7.37,7.51,23883570
12/2/2010,7.56,7.63,7.49,7.54,19535810
12/3/2010,7.53,7.7,7.5,7.65,17230060
12/6/2010,7.65,7.87,7.61,7.819,22879530
12/7/2010,7.91,8.14,7.9,8.02,31775490
12/8/2010,7.98,8.2,7.95,8.17,19981120
12/9/2010,8.21,8.23,7.91,7.95,16822030
12/10/2010,8,8.12,7.89,8.07,15101260
12/13/2010,8.13,8.43,8.1,8.23,29520790
12/14/2010,8.23,8.27,8,8.05,15770200
12/15/2010,8,8.24,7.97,8.02,17160180
12/16/2010,8.01,8.12,7.96,8.03,9935174
12/17/2010,8.05,8.1,7.86,8.1,25999740
12/20/2010,8.09,8.24,8.06,8.24,14031550
12/21/2010,8.27,8.32,8.13,8.14,9683514
12/22/2010,8.17,8.18,8.09,8.111,9198763
12/23/2010,8.04,8.11,7.95,8.04,10784430
12/27/2010,8,8.08,7.93,8.05,8492919
12/28/2010,8.07,8.17,8.05,8.09,6137534
12/29/2010,8.1,8.15,8.06,8.08,6926378
12/30/2010,8.1,8.15,8.1,8.14,6213426
12/31/2010,8.14,8.19,8.05,8.18,7969674
1/3/2011,8.44,8.55,8.39,8.47,21152390
1/4/2011,8.56,8.84,8.54,8.77,26865910
1/5/2011,8.74,8.95,8.72,8.91,19457260
1/6/2011,8.92,8.94,8.67,8.69,21187650
1/7/2011,8.73,8.86,8.63,8.83,14062350
1/10/2011,9.05,9.25,8.92,9.19,42422660
1/11/2011,8.77,8.8,8.33,8.36,82035320
1/12/2011,8.41,8.5,8.36,8.39,33951140
1/13/2011,8.44,8.46,8.24,8.26,31453110
1/14/2011,8.32,8.33,8.05,8.2,38153220
1/18/2011,8.2,8.24,8.07,8.1025,21980190
1/19/2011,8.13,8.17,7.9,7.93,22683030
1/20/2011,7.88,8.02,7.85,8.02,25083520
1/21/2011,8.14,8.15,7.51,7.54,64266970
1/24/2011,7.53,7.73,7.5,7.68,27980970
1/25/2011,7.66,7.68,7.34,7.48,36793440
1/26/2011,7.49,7.54,7.35,7.491,25042680
1/27/2011,7.61,7.78,7.53,7.75,29736850
1/28/2011,7.76,7.83,7.4,7.49,33397730
1/31/2011,7.55,8.04,7.5,7.83,42732300
2/1/2011,8.1,8.25,8.059,8.22,40235870
2/2/2011,8.16,8.6,8.16,8.29,36207390
2/3/2011,8.36,8.43,8.1,8.33,22920400
2/4/2011,8.32,8.49,8.25,8.4,21088320
2/7/2011,8.47,8.49,8.25,8.33,18569550
2/8/2011,8.28,8.3,8.09,8.24,18797010
2/9/2011,8.18,8.32,8.03,8.23,18389370
2/10/2011,8.1,8.25,8.08,8.22,14926440
2/11/2011,8.16,8.29,8.12,8.28,11335250
2/14/2011,8.26,8.735,8.25,8.63,37740880
2/15/2011,8.6,8.76,8.44,8.6,30316840
2/16/2011,8.65,9.12,8.605,8.99,47679980
2/17/2011,8.96,9.51,8.94,9.44,53306040
2/18/2011,9.52,9.58,9.15,9.18,30922720
2/22/2011,8.88,9.1705,8.82,8.85,32215050
2/23/2011,8.78,8.95,8.37,8.55,32276660
2/24/2011,8.59,9.18,8.57,9.1,40913240
2/25/2011,9.25,9.45,9.23,9.29,29280670
2/28/2011,9.34,9.3899,9.05,9.21,21558110
3/1/2011,9.27,9.32,9,9.025,19403340
3/2/2011,9.05,9.34,9.05,9.17,21249600
3/3/2011,9.31,9.37,9.18,9.28,18730700
3/4/2011,9.33,9.39,9.15,9.225,23071760
3/7/2011,9.19,9.22,8.74,8.84,29788190
3/8/2011,8.88,9.1,8.75,8.99,20307630
3/9/2011,8.94,8.94,8.63,8.67,23310090
3/10/2011,8.53,8.55,8.36,8.42,26244670
3/11/2011,8.26,8.67,8.26,8.65,21126800
3/14/2011,8.56,8.75,8.35,8.43,17091030
3/15/2011,7.99,8.34,7.93,8.28,19805980
3/16/2011,8.28,8.46,8.05,8.12,21081340
3/17/2011,8.29,8.4,8.2,8.31,14518940
3/18/2011,8.45,8.63,8.34,8.55,21514880
3/21/2011,8.73,8.74,8.51,8.55,13726180
3/22/2011,8.54,8.62,8.36,8.36,11876440
3/23/2011,8.36,8.6,8.28,8.59,13585400
3/24/2011,8.66,8.85,8.605,8.83,17417080
3/25/2011,8.78,8.9,8.73,8.88,17483710
3/28/2011,8.89,8.89,8.68,8.69,12030150
3/29/2011,8.69,8.7,8.54,8.68,14757180
3/30/2011,8.74,8.85,8.61,8.79,14592260
3/31/2011,8.765,8.845,8.57,8.6,18374240
4/1/2011,8.61,8.69,8.27,8.36,20395230
4/4/2011,8.4,8.42,8.01,8.1,26558630
4/5/2011,8.23,8.35,8.1,8.11,26096070
4/6/2011,8.22,8.51,8.17,8.43,21005150
4/7/2011,8.48,8.54,8.29,8.41,14985740
4/8/2011,8.47,8.51,8.31,8.47,19908120
4/11/2011,8.46,8.575,8.4,8.42,16624260
4/12/2011,8.35,8.39,8.16,8.26,12465180
4/13/2011,8.35,8.37,8.18,8.2,11528150
4/14/2011,8.14,8.22,8.02,8.19,13563830
4/15/2011,8.2,8.28,8.08,8.27,12619620
4/18/2011,8.11,8.28,8.01,8.2,16732830
4/19/2011,8.21,8.29,8.16,8.27,12063220
4/20/2011,8.48,8.65,8.41,8.63,21325830
4/21/2011,8.73,8.77,8.63,8.71,18601850
4/25/2011,8.67,8.72,8.42,8.7,21695970
4/26/2011,8.7,8.92,8.64,8.88,21944180
4/27/2011,8.86,8.95,8.81,8.95,12866470
4/28/2011,8.88,9.09,8.85,9.07,17021420
4/29/2011,9.04,9.14,9.02,9.1,11383670
5/2/2011,9.16,9.17,8.99,9.03,10712150
5/3/2011,9,9.045,8.63,8.8,17346420
5/4/2011,8.77,8.86,8.64,8.79,16844670
5/5/2011,8.68,8.99,8.67,8.87,14697400
5/6/2011,9,9.05,8.89,8.92,17448640
5/9/2011,8.93,8.97,8.83,8.94,9489256
5/10/2011,8.75,8.96,8.72,8.94,15049630
5/11/2011,8.89,9.07,8.8,8.88,14899760
5/12/2011,8.78,8.96,8.73,8.93,17307840
5/13/2011,8.92,9.07,8.85,8.9,12878220
5/16/2011,8.77,8.95,8.65,8.67,16577000
5/17/2011,8.62,8.62,8.38,8.54,20014860
5/18/2011,8.53,8.7283,8.52,8.67,17954420
5/19/2011,8.62,8.71,8.55,8.64,15704330
5/20/2011,8.58,8.7,8.54,8.62,16696110
5/23/2011,8.49,8.69,8.45,8.49,16863660
5/24/2011,8.55,8.57,8.37,8.39,15950500
5/25/2011,8.37,8.47,8.31,8.43,12007060
5/26/2011,8.45,8.5,8.36,8.48,8120097
5/27/2011,8.53,8.6,8.44,8.49,9621687
5/31/2011,8.56,8.71,8.53,8.68,11511050
6/1/2011,8.65,8.68,8.36,8.37,13355540
6/2/2011,8.39,8.44,8.21,8.235,15133070
6/3/2011,8.09,8.17,7.92,7.97,21264660
6/6/2011,7.97,7.99,7.77,7.8,12262040
6/7/2011,7.87,7.95,7.71,7.71,17802740
6/8/2011,7.72,7.89,7.54,7.62,27120170
6/9/2011,7.65,7.73,7.59,7.64,15715440
6/10/2011,7.63,7.67,7.44,7.59,14571310
6/13/2011,7.6,7.63,7.45,7.54,12446400
6/14/2011,7.67,7.79,7.61,7.67,12709980
6/15/2011,7.58,7.66,7.45,7.5,14470680
6/16/2011,7.65,7.73,7.05,7.19,48088840
6/17/2011,7.29,7.29,6.96,7,31079420
6/20/2011,6.96,7,6.72,6.89,33807460
6/21/2011,6.98,7.25,6.95,7.22,26234240
6/22/2011,7.15,7.19,7.05,7.06,17414660
6/23/2011,6.98,7.08,6.74,7.06,33876930
6/24/2011,7.02,7.03,6.86,6.9,17826690
6/27/2011,6.91,6.96,6.83,6.92,9505275
6/28/2011,6.95,7.08,6.9,6.95,20625040
6/29/2011,7,7.05,6.79,6.89,27292680
6/30/2011,6.93,7.12,6.9,6.99,25379100
7/1/2011,6.99,7.13,6.89,7.11,27641100
7/5/2011,7.11,7.16,7.06,7.14,16218500
7/6/2011,7.1,7.11,7,7,13084260
7/7/2011,7.08,7.2,7.05,7.15,12530170
7/8/2011,7.06,7.06,6.92,6.95,19964230
7/11/2011,6.8,6.9,6.75,6.76,26007170
7/12/2011,6.72,6.72,6.31,6.43,37587780
7/13/2011,6.49,6.63,6.4,6.48,20819800
7/14/2011,6.45,6.59,6.35,6.44,19663600
7/15/2011,6.45,6.53,6.39,6.43,12733710
7/18/2011,6.37,6.43,6.09,6.18,31197800
7/19/2011,6.29,6.55,6.23,6.48,25753460
7/20/2011,6.56,6.62,6.4,6.6,18389170
7/21/2011,6.59,6.6084,6.44,6.5,29103320
7/22/2011,7.09,7.79,7.07,7.75,85988210
7/25/2011,7.62,7.77,7.43,7.63,32279980
7/26/2011,7.67,7.87,7.63,7.66,21455700
7/27/2011,7.6,7.71,7.44,7.51,23537700
7/28/2011,7.5,7.63,7.36,7.42,16729440
7/29/2011,7.32,7.49,7.21,7.34,20857780
8/1/2011,7.54,7.58,7.1,7.22,23189880
8/2/2011,7.18,7.24,6.87,7.11,33139930
8/3/2011,7.06,7.23,6.84,7.16,31579420
8/4/2011,7.05,7.05,6.5,6.5,34734510
8/5/2011,6.59,6.75,6.16,6.56,39379350
8/8/2011,6.03,6.25,5.9,5.94,41205290
8/9/2011,6.08,6.19,5.79,6.18,25312100
8/10/2011,5.63,6.19,5.6,5.85,35363910
8/11/2011,5.93,6.26,5.87,6.17,25932770
8/12/2011,6.31,6.42,6.18,6.21,15587880
8/15/2011,6.28,6.4527,6.22,6.43,11475850
8/16/2011,6.36,6.4325,6.18,6.34,16353170
8/17/2011,6.41,6.47,6.08,6.14,15248110
8/18/2011,5.9,5.96,5.64,5.79,27199920
8/19/2011,5.72,6.085,5.71,5.98,37995160
8/22/2011,6.13,6.18,5.95,6.05,18433400
8/23/2011,6.08,6.5,5.8869,6.5,31113800
8/24/2011,6.5,6.51,6.16,6.34,17181370
8/25/2011,6.32,6.7,6.29,6.37,27367020
8/26/2011,6.3,6.6,6.22,6.49,17110710
8/29/2011,6.58,6.83,6.57,6.83,13491060
8/30/2011,6.76,6.93,6.69,6.84,17389290
8/31/2011,6.84,6.94,6.75,6.83,26830110
9/1/2011,6.83,6.87,6.67,6.68,15252460
9/2/2011,6.35,6.48,6.28,6.32,17933960
9/6/2011,6.09,6.32,6.065,6.27,16298650
9/7/2011,6.5,6.76,6.44,6.76,18692450
9/8/2011,6.72,6.96,6.63,6.81,32012830
9/9/2011,6.69,6.82,6.48,6.52,17494200
9/12/2011,6.4,6.75,6.4,6.71,20403700
9/13/2011,6.77,7,6.66,6.96,19041980
9/14/2011,7.02,7.26,6.98,7.21,23742630
9/15/2011,7.3,7.44,7.25,7.335,23775030
9/16/2011,7.38,7.42,7.13,7.2,19879340
9/19/2011,6.96,7.14,6.85,6.92,36453120
9/20/2011,6.96,6.99,6.73,6.74,17314720
9/21/2011,6.8,6.85,6.48,6.48,20039680
9/22/2011,6.24,6.3,5.9,6.12,44630770
9/23/2011,6.01,6.23,5.95,6.17,21920640
9/26/2011,6.37,6.43,6.11,6.4,27756900
9/27/2011,6.57,6.76,6.44,6.49,26930580
9/28/2011,6.51,6.57,6.15,6.15,28898250
9/29/2011,5.49,5.65,5.11,5.31,67915980
9/30/2011,5.23,5.3,5.07,5.08,29669660
10/3/2011,5.03,5.03,4.52,4.53,39476870
10/4/2011,4.42,4.72,4.31,4.72,37434280
10/5/2011,4.65,4.9,4.52,4.83,28839940
10/6/2011,4.91,4.91,4.7,4.85,19191110
10/7/2011,4.94,4.99,4.69,4.73,22122700
10/10/2011,4.85,4.97,4.75,4.84,14707800
10/11/2011,4.86,4.93,4.78,4.86,15419660
10/12/2011,4.94,5.07,4.9145,4.93,19246290
10/13/2011,4.94,4.98,4.85,4.97,17296650
10/14/2011,5.04,5.07,4.85,4.92,12780500
10/17/2011,4.9,4.9,4.65,4.67,16610040
10/18/2011,4.68,4.84,4.57,4.83,21307740
10/19/2011,4.9,4.92,4.69,4.73,18301330
10/20/2011,4.72,4.76,4.45,4.54,25206770
10/21/2011,4.65,4.73,4.61,4.72,13915380
10/24/2011,4.74,5.06,4.74,5.06,24367660
10/25/2011,5,5.05,4.86,4.91,14840620
10/26/2011,4.99,5.13,4.87,5.095,19644130
10/27/2011,5.27,5.6,5.17,5.54,41120950
10/28/2011,5.83,6.05,5.71,5.94,47546080
10/31/2011,5.84,5.96,5.8,5.83,19378330
11/1/2011,5.56,5.59,5.29,5.3,45372870
11/2/2011,5.45,5.49,5.34,5.46,21239740
11/3/2011,5.53,5.77,5.3,5.73,26416540
11/4/2011,5.61,5.77,5.49,5.67,17551140
11/7/2011,5.67,5.77,5.53,5.68,14547580
11/8/2011,5.72,5.78,5.64,5.75,13998960
11/9/2011,5.55,5.635,5.38,5.38,18515900
11/10/2011,5.49,5.72,5.34,5.66,23914880
11/11/2011,5.69,6,5.67,5.95,22802620
11/14/2011,5.93,5.99,5.76,5.79,12228400
11/15/2011,5.74,5.85,5.7,5.76,13705430
11/16/2011,5.71,5.85,5.64,5.68,12695860
11/17/2011,5.71,5.74,5.4,5.44,18188570
11/18/2011,5.48,5.52,5.4,5.47,12644470
11/21/2011,5.34,5.48,5.22,5.42,15300510
11/22/2011,5.37,5.46,5.29,5.3,19460310
11/23/2011,5.22,5.22,5.01,5.05,18337010
11/25/2011,5.03,5.11,4.96,4.99,8668941
11/28/2011,5.24,5.35,5.2,5.3,12142980
11/29/2011,5.33,5.44,5.3,5.32,10189820
11/30/2011,5.49,5.69,5.47,5.69,16149740
12/1/2011,5.61,5.74,5.54,5.7,10880780
12/2/2011,5.77,5.83,5.65,5.65,7732224
12/5/2011,5.75,5.84,5.69,5.76,11215760
12/6/2011,5.74,5.78,5.61,5.66,11391230
12/7/2011,5.6,5.74,5.53,5.72,12657310
12/8/2011,5.64,5.69,5.45,5.47,16653590
12/9/2011,5.49,5.56,5.39,5.54,13348470
12/12/2011,5.38,5.39,5.22,5.3,14582520
12/13/2011,5.33,5.39,5.12,5.18,22676450
12/14/2011,5.14,5.18,5.01,5.07,13350700
12/15/2011,5.14,5.17,5.01,5.04,13624840
12/16/2011,5.08,5.1408,5.02,5.13,11698370
12/19/2011,5.2,5.2,4.82,4.86,14150110
12/20/2011,4.96,5.2,4.95,5.19,13173150
12/21/2011,5.12,5.2,4.99,5.08,11852610
12/22/2011,5.12,5.5,5.1,5.45,16213650
12/23/2011,5.49,5.51,5.35,5.41,6665907
12/27/2011,5.4,5.48,5.34,5.38,5645267
12/28/2011,5.39,5.42,5.24,5.28,5277572
12/29/2011,5.31,5.39,5.27,5.34,6144644
12/30/2011,5.34,5.45,5.28,5.4,6894894
1/3/2012,5.53,5.59,5.44,5.48,12672250
1/4/2012,5.47,5.49,5.41,5.46,8029229
1/5/2012,5.45,5.565,5.35,5.46,11468140
1/6/2012,5.44,5.52,5.39,5.43,12934630
1/9/2012,5.42,5.6,5.38,5.59,12586310
1/10/2012,5.66,5.75,5.64,5.71,10131440
1/11/2012,5.68,5.835,5.68,5.81,11205090
1/12/2012,5.83,5.85,5.71,5.82,11480090
1/13/2012,5.76,5.79,5.63,5.66,9667192
1/17/2012,5.77,5.84,5.71,5.73,8262012
1/18/2012,5.73,6.03,5.73,5.97,19939490
1/19/2012,6.02,6.24,5.98,6.22,21710520
1/20/2012,6.22,6.49,6.18,6.42,28702990
1/23/2012,6.42,6.6,6.3901,6.52,21901190
1/24/2012,6.47,6.81,6.39,6.53,38600440
1/25/2012,6.28,6.78,6.2299,6.73,36787720
1/26/2012,6.73,6.95,6.68,6.77,25160260
1/27/2012,6.72,6.85,6.65,6.82,16427210
1/30/2012,6.73,6.78,6.61,6.74,13362850
1/31/2012,6.79,6.84,6.69,6.71,17476490
2/1/2012,6.83,6.92,6.8,6.9,14671490
2/2/2012,6.9,7,6.84,6.93,15775140
2/3/2012,7.02,7.12,6.98,7.08,15302170
2/6/2012,7.02,7.05,6.9,6.92,13137770
2/7/2012,6.96,7.185,6.95,7.13,18869120
2/8/2012,7.14,7.39,7.11,7.25,15605930
2/9/2012,7.3,7.33,7.13,7.24,13357810
2/10/2012,7.08,7.12,6.96,7.05,16445950
2/13/2012,7.24,7.37,7.17,7.29,19481440
2/14/2012,7.24,7.43,7.24,7.32,18748610
2/15/2012,7.38,7.5,7.3,7.3,15232810
2/16/2012,7.3,7.6,7.27,7.59,13133850
2/17/2012,7.66,7.68,7.42,7.42,13955030
2/21/2012,7.44,7.45,7.2,7.28,15661840
2/22/2012,7.24,7.27,7,7.14,20773140
2/23/2012,7.11,7.3,7.05,7.29,16382900
2/24/2012,7.42,7.57,7.38,7.46,19280680
2/27/2012,7.4,7.59,7.27,7.47,14753620
2/28/2012,7.45,7.61,7.43,7.52,10513600
2/29/2012,7.52,7.55,7.34,7.35,13946590
3/1/2012,7.47,7.7,7.42,7.51,19150970
3/2/2012,7.5,7.63,7.43,7.46,11202700
3/5/2012,7.35,7.44,7.03,7.07,25117330
3/6/2012,6.91,6.95,6.76,6.9,15013140
3/7/2012,7,7.23,6.92,7.17,18978700
3/8/2012,7.24,7.5,7.215,7.47,21238150
3/9/2012,7.56,7.65,7.525,7.58,15092490
3/12/2012,7.55,7.6,7.4259,7.5,15385380
3/13/2012,7.56,7.79,7.54,7.76,17884460
3/14/2012,7.75,7.99,7.73,7.76,22706980
3/15/2012,7.96,8.28,7.92,8.25,27146680
3/16/2012,8.31,8.33,8.11,8.2,14106500
3/19/2012,8.19,8.23,8.08,8.18,12015890
3/20/2012,8.05,8.09,7.92,8.06,16425070
3/21/2012,8.09,8.18,8.01,8.04,9080146
3/22/2012,7.97,8.04,7.9,8.03,9341203
3/23/2012,8.05,8.12,7.95,8.09,8149170
3/26/2012,8.16,8.25,8.12,8.24,8690136
3/27/2012,8.25,8.35,8.17,8.19,9801989
3/28/2012,8.17,8.27,7.98,8.08,15375530
3/29/2012,7.98,8.12,7.93,8.12,13920220
3/30/2012,8.18,8.2,7.95,8.02,14585310
4/2/2012,8.03,8.24,7.95,8.2,12475800
4/3/2012,8.09,8.17,7.91,7.98,18442810
4/4/2012,7.89,7.89,7.6,7.81,16055590
4/5/2012,7.61,7.89,7.6,7.87,14951770
4/9/2012,7.71,7.85,7.66,7.75,10066570
4/10/2012,7.73,7.89,7.52,7.53,16429330
4/11/2012,7.64,7.8,7.62,7.64,9540800
4/12/2012,7.84,7.95,7.71,7.92,10959610
4/13/2012,7.85,7.86,7.68,7.73,11975350
4/16/2012,7.8,7.84,7.55,7.7,14930990
4/17/2012,7.83,8.01,7.8,7.94,15753920
4/18/2012,7.81,8.055,7.79,7.97,13998870
4/19/2012,8.01,8.06,7.75,7.97,25049940
4/20/2012,8.16,8.21,7.73,7.76,38757670
4/23/2012,7.59,7.65,7.39,7.39,23445090
4/24/2012,7.44,7.48,7.26,7.31,20549200
4/25/2012,7.42,7.48,7.21,7.39,17392070
4/26/2012,7.35,7.49,7.31,7.45,22488020
4/27/2012,7.44,7.49,7.22,7.33,17785720
4/30/2012,7.3,7.46,7.3,7.36,13327230
5/1/2012,7.34,7.64,7.31,7.59,18849850
5/2/2012,7.51,7.65,7.465,7.63,14124580
5/3/2012,7.57,7.72,7.37,7.41,15769260
5/4/2012,7.35,7.4,7.13,7.18,12320390
5/7/2012,7.13,7.32,7.13,7.18,10557870
5/8/2012,7.1,7.12,6.9,7.03,12568820
5/9/2012,6.9,6.96,6.72,6.86,19307850
5/10/2012,6.58,6.85,6.48,6.78,26539530
5/11/2012,6.73,7.03,6.72,6.78,17695770
5/14/2012,6.69,6.89,6.63,6.75,13394270
5/15/2012,6.76,6.82,6.53,6.6,12500410
5/16/2012,6.66,6.76,6.39,6.39,17242190
5/17/2012,6.38,6.42,6.11,6.13,27079960
5/18/2012,6.19,6.29,6,6.01,14970240
5/21/2012,6.1,6.34,6.06,6.3,16378180
5/22/2012,6.17,6.27,6.08,6.16,12600480
5/23/2012,5.98,6.08,5.89,6.08,19693160
5/24/2012,6.09,6.1,5.96,6.02,9713052
5/25/2012,6.02,6.22,5.99,6.22,10025500
5/29/2012,6.23,6.46,6.22,6.46,16984760
5/30/2012,6.35,6.39,6.145,6.15,18305570
5/31/2012,6.12,6.14,5.93,6.08,19833050
6/1/2012,5.9,5.9,5.63,5.73,25557240
6/4/2012,5.76,5.83,5.52,5.63,15575410
6/5/2012,5.66,5.84,5.64,5.825,12255180
6/6/2012,5.91,6.1,5.905,6.02,13458470
6/7/2012,6.1,6.14,5.72,5.76,17448520
6/8/2012,5.73,5.92,5.71,5.91,7580883
6/11/2012,6.01,6.02,5.68,5.69,11839240
6/12/2012,5.76,5.92,5.75,5.91,12517360
6/13/2012,5.89,5.95,5.75,5.76,12580500
6/14/2012,5.75,5.81,5.7,5.76,8485636
6/15/2012,5.77,5.88,5.73,5.87,9290847
6/18/2012,5.85,5.995,5.8,5.93,11949890
6/19/2012,5.93,6,5.8,5.81,21226820
6/20/2012,5.87,6.09,5.79,6.06,23322300
6/21/2012,6.04,6.04,5.71,5.72,17210920
6/22/2012,5.77,5.82,5.63,5.73,15990100
6/25/2012,5.64,5.64,5.38,5.41,17457260
6/26/2012,5.44,5.5,5.39,5.44,10162480
6/27/2012,5.47,5.53,5.4,5.5,8999058
6/28/2012,5.45,5.47,5.32,5.41,11533810
6/29/2012,5.59,5.73,5.575,5.73,20963440
7/2/2012,5.75,5.78,5.66,5.75,11156280
7/3/2012,5.78,6.08,5.77,6.03,11319310
7/5/2012,5.8,5.98,5.79,5.88,13353830
7/6/2012,5.8,5.825,5.68,5.75,9952311
7/9/2012,5.69,5.78,5.61,5.62,13368600
7/10/2012,5.08,5.4,4.95,4.99,75463720
7/11/2012,5.02,5.04,4.86,4.89,16126990
7/12/2012,4.85,4.96,4.81,4.88,19880400
7/13/2012,4.89,4.95,4.83,4.9,15543640
7/16/2012,4.85,4.87,4.74,4.83,14790560
7/17/2012,4.85,4.93,4.71,4.87,14271170
7/18/2012,4.83,5.02,4.76,4.89,15849400
7/19/2012,4.93,5.07,4.82,4.86,27560620
7/20/2012,4.62,4.62,4.2,4.22,52266960
7/23/2012,4.15,4.16,4.03,4.15,22162020
7/24/2012,4.18,4.2,4,4.06,20998790
7/25/2012,4.11,4.15,3.98,4.01,20282480
7/26/2012,4.05,4.09,4,4.04,11234010
7/27/2012,4.09,4.12,4.02,4.09,13867360
7/30/2012,4.08,4.13,4.06,4.1,9535446
7/31/2012,4.09,4.15,4.05,4.06,13540520
8/1/2012,4.09,4.15,3.99,4.05,16230060
8/2/2012,4.03,4.12,3.89,3.97,15798230
8/3/2012,4.01,4.1,3.98,4.09,8352180
8/6/2012,4.1,4.12,3.95,4.01,18011420
8/7/2012,4.04,4.12,4.01,4.02,17095010
8/8/2012,4.05,4.47,4.03,4.4,52638710
8/9/2012,4.41,4.41,4.23,4.37,23039110
8/10/2012,4.23,4.37,4.22,4.34,7842579
8/13/2012,4.31,4.32,4.21,4.26,12803110
8/14/2012,4.31,4.35,4.11,4.12,13190080
8/15/2012,4.11,4.23,4.1,4.19,10406540
8/16/2012,4.19,4.24,4.13,4.17,12980050
8/17/2012,4.17,4.2,4.08,4.1,9228056
8/20/2012,4.1,4.1,3.98,4.09,17269560
8/21/2012,4.1,4.18,4.03,4.07,15997430
8/22/2012,4.05,4.05,3.96,4.01,17671650
8/23/2012,3.98,3.98,3.88,3.9,24401700
8/24/2012,3.88,3.95,3.85,3.94,12557210
8/27/2012,3.95,3.95,3.82,3.85,13057560
8/28/2012,3.84,3.88,3.75,3.79,14469050
8/29/2012,3.8,3.84,3.76,3.77,9992176
8/30/2012,3.75,3.8,3.7,3.7,12146750
8/31/2012,3.77,3.78,3.6,3.72,23642580
9/4/2012,3.69,3.71,3.6,3.64,16155900
9/5/2012,3.57,3.63,3.43,3.51,34252850
9/6/2012,3.55,3.66,3.53,3.66,19926160
9/7/2012,3.62,3.62,3.43,3.45,31013890
9/10/2012,3.49,3.59,3.46,3.47,32407060
9/11/2012,3.52,3.77,3.48,3.75,33063270
9/12/2012,3.83,3.92,3.75,3.89,50271140
9/13/2012,3.82,3.94,3.745,3.92,38354580
9/14/2012,3.96,3.99,3.85,3.9,23584920
9/17/2012,3.9,4.02,3.82,4.01,41814760
9/18/2012,3.7,3.9,3.6,3.62,91237480
9/19/2012,3.66,3.71,3.58,3.66,31301500
9/20/2012,3.64,3.66,3.59,3.59,20835820
9/21/2012,3.63,3.68,3.58,3.6,20223350
9/24/2012,3.54,3.55,3.45,3.46,23694330
9/25/2012,3.48,3.5,3.28,3.28,29230920
9/26/2012,3.27,3.42,3.22,3.32,22939920
9/27/2012,3.36,3.5,3.34,3.43,19540370
9/28/2012,3.43,3.44,3.35,3.37,15547070
10/1/2012,3.39,3.41,3.26,3.28,25037940
10/2/2012,3.3,3.41,3.17,3.27,27001310
10/3/2012,3.28,3.29,3.1,3.12,27758820
10/4/2012,3.17,3.25,3.09,3.22,23216340
10/5/2012,3.24,3.28,3.17,3.22,11212400
10/8/2012,3.21,3.24,3.15,3.19,9895975
10/9/2012,3.18,3.26,3.15,3.25,19684490
10/10/2012,3.22,3.22,3.13,3.15,19222870
10/11/2012,3.19,3.24,3.13,3.2,17918280
10/12/2012,2.86,2.9935,2.74,2.74,83828050
10/15/2012,2.79,2.83,2.73,2.75,26699890
10/16/2012,2.765,2.78,2.66,2.68,38359990
10/17/2012,2.66,2.8,2.64,2.77,32945060
10/18/2012,2.76,2.78,2.6,2.62,35493700
10/19/2012,2.54,2.62,2.17,2.18,109868000
10/22/2012,2.23,2.23,2.09,2.1,37922450
10/23/2012,2.06,2.21,2.03,2.14,33484450
10/24/2012,2.17,2.22,2.06,2.08,37302410
10/25/2012,2.1,2.15,2.07,2.12,21975150
10/26/2012,2.13,2.14,2.06,2.07,9999999
10/31/2012,2.13,2.14,2.05,2.05,17426300
11/1/2012,2.07,2.14,2.05,2.14,21768770
11/2/2012,2.15,2.15,2.07,2.1,20666080
11/5/2012,2.1,2.12,2.06,2.11,21060460
11/6/2012,2.12,2.14,2.06,2.07,24026720
11/7/2012,2.07,2.1,2.01,2.01,29993900
11/8/2012,2.03,2.06,1.96,1.98,35814760
11/9/2012,2,2.07,1.97,2.03,39581930
11/12/2012,2.04,2.06,1.99,1.99,15927330
11/13/2012,1.98,2.35,1.97,2.09,59880080
11/14/2012,2.04,2.05,1.92,1.93,40033280
11/15/2012,1.93,1.93,1.86,1.87,20233830
11/16/2012,1.87,1.9,1.81,1.86,23501230
11/19/2012,1.9,1.95,1.89,1.92,18753360
11/20/2012,1.92,1.92,1.86,1.88,11636230
11/21/2012,1.89,1.92,1.86,1.87,7524664
11/23/2012,1.92,1.97,1.92,1.95,8567478
11/26/2012,1.96,1.97,1.84,1.87,30140180
11/27/2012,1.87,1.89,1.85,1.88,22728900
11/28/2012,1.88,1.99,1.86,1.96,27456800
11/29/2012,2.01,2.12,2.01,2.04,42744010
11/30/2012,2.16,2.22,2.11,2.2,66866360
12/3/2012,2.28,2.46,2.26,2.36,70138500
12/4/2012,2.48,2.48,2.21,2.26,52162400
12/5/2012,2.3,2.32,2.245,2.29,20377720
12/6/2012,2.33,2.39,2.27,2.34,22210320
12/7/2012,2.38,2.39,2.29,2.36,34201720
12/10/2012,2.35,2.39,2.31,2.32,10015460
12/11/2012,2.34,2.36,2.3,2.33,14742230
12/12/2012,2.37,2.44,2.36,2.37,24563110
12/13/2012,2.4,2.44,2.38,2.41,25054360
12/14/2012,2.43,2.44,2.39,2.3904,16552820
12/17/2012,2.41,2.46,2.39,2.46,15273240
12/18/2012,2.5,2.53,2.47,2.52,26622240
12/19/2012,2.55,2.57,2.49,2.52,20243640
12/20/2012,2.53,2.53,2.37,2.4,24791160
12/21/2012,2.33,2.59,2.25,2.59,40763190
12/24/2012,2.54,2.57,2.47,2.48,9625363
12/26/2012,2.49,2.53,2.42,2.43,12773270
12/27/2012,2.42,2.43,2.34,2.39,18482900
12/28/2012,2.3,2.36,2.25,2.28,26208380
12/31/2012,2.29,2.42,2.28,2.4,20588510
1/2/2013,2.55,2.57,2.45,2.53,27182840
1/3/2013,2.52,2.59,2.46,2.49,24949150
1/4/2013,2.51,2.59,2.49,2.59,22040260
1/7/2013,2.61,2.7,2.6,2.67,25550470
1/8/2013,2.72,2.76,2.64,2.67,29134010
1/9/2013,2.7,2.72,2.6,2.63,16659390
1/10/2013,2.69,2.7,2.61,2.62,19404770
1/11/2013,2.63,2.68,2.55,2.67,20019960
1/14/2013,2.68,2.7,2.62,2.64,17299210
1/15/2013,2.62,2.7,2.6,2.68,23686080
1/16/2013,2.67,2.76,2.63,2.72,31361790
1/17/2013,2.76,2.78,2.71,2.74,17725820
1/18/2013,2.65,2.68,2.43,2.46,41573190
1/22/2013,2.52,2.54,2.43,2.45,35078810
1/23/2013,2.62,2.75,2.586,2.73,69135820
1/24/2013,2.7,2.84,2.67,2.79,32477290
1/25/2013,2.84,2.93,2.82,2.85,33571660
1/28/2013,2.89,2.92,2.78,2.82,23608530
1/29/2013,2.86,2.86,2.69,2.74,20070080
1/30/2013,2.75,2.78,2.63,2.65,19701610
1/31/2013,2.7,2.71,2.45,2.6,27846130
2/1/2013,2.63,2.68,2.57,2.6,18802500
2/4/2013,2.63,2.64,2.52,2.52,15378210
2/5/2013,2.55,2.6,2.49,2.6,12406710
2/6/2013,2.59,2.64,2.56,2.6,8827923
2/7/2013,2.61,2.63,2.56,2.57,6778847
2/8/2013,2.58,2.6,2.58,2.59,5971768
2/11/2013,2.59,2.7,2.59,2.67,22406330
2/12/2013,2.705,2.78,2.69,2.77,13672940
2/13/2013,2.81,2.83,2.73,2.75,11478990
2/14/2013,2.74,2.75,2.69,2.75,13283770
2/15/2013,2.77,2.79,2.7,2.71,10700180
2/19/2013,2.75,2.82,2.73,2.82,19797600
2/20/2013,2.84,2.84,2.68,2.7,21240660
2/21/2013,2.69,2.69,2.52,2.6,30775710
2/22/2013,2.64,2.67,2.55,2.61,20232000
2/25/2013,2.64,2.65,2.53,2.53,16846650
2/26/2013,2.54,2.545,2.44,2.46,17509870
2/27/2013,2.48,2.55,2.45,2.53,10651780
2/28/2013,2.56,2.57,2.48,2.49,11360640
3/1/2013,2.5,2.51,2.42,2.42,19686110
3/4/2013,2.44,2.45,2.36,2.4,14564980
3/5/2013,2.45,2.47,2.4,2.43,13934050
3/6/2013,2.45,2.46,2.4,2.43,10834530
3/7/2013,2.44,2.57,2.43,2.55,21069350
3/8/2013,2.57,2.6409,2.52,2.56,11322140
3/11/2013,2.57,2.6038,2.51,2.59,13393250
3/12/2013,2.59,2.63,2.57,2.61,9499486
3/13/2013,2.62,2.63,2.57,2.6,7482024
3/14/2013,2.62,2.63,2.58,2.63,9201910
3/15/2013,2.6,2.62,2.58,2.6,15795460
3/18/2013,2.59,2.68,2.55,2.65,12991700
3/19/2013,2.66,2.7,2.62,2.67,19313770
3/20/2013,2.7,2.75,2.69,2.75,13497660
3/21/2013,2.73,2.75,2.63,2.64,17021520
3/22/2013,2.66,2.67,2.53,2.54,18344850
3/25/2013,2.57,2.6,2.49,2.51,11252750
3/26/2013,2.52,2.54,2.5,2.54,6327445
3/27/2013,2.5,2.6182,2.5,2.55,5892635
3/28/2013,2.55,2.57,2.52,2.55,4868149
4/1/2013,2.54,2.57,2.42,2.44,14441960
4/2/2013,2.445,2.45,2.38,2.39,11371700
4/3/2013,2.4,2.41,2.32,2.32,14432910
4/4/2013,2.34,2.37,2.32,2.33,11177490
4/5/2013,2.3,2.31,2.28,2.29,13724940
4/8/2013,2.31,2.61,2.26,2.59,44634880
4/9/2013,2.58,2.63,2.44,2.63,33858820
4/10/2013,2.65,2.66,2.57,2.61,20683570
4/11/2013,2.55,2.57,2.46,2.52,12900320
4/12/2013,2.5,2.5,2.43,2.48,10712680
4/15/2013,2.45,2.465,2.4,2.4,11521920
4/16/2013,2.43,2.44,2.4,2.44,10952760
4/17/2013,2.41,2.47,2.4,2.4,14815590
4/18/2013,2.4,2.56,2.2887,2.51,27061850
4/19/2013,2.44,2.5,2.39,2.47,25033800
4/22/2013,2.47,2.51,2.43,2.46,14131640
4/23/2013,2.5,2.55,2.47,2.53,14550350
4/24/2013,2.54,2.62,2.5222,2.61,16536670
4/25/2013,2.63,2.72,2.63,2.68,20951070
4/26/2013,2.66,2.68,2.6,2.64,17303460
4/29/2013,2.66,2.7,2.65,2.68,11207410
4/30/2013,2.68,2.82,2.67,2.82,32626890
5/1/2013,2.81,3.28,2.79,3.22,87945000
5/2/2013,3.16,3.48,3.14,3.41,74122270
5/3/2013,3.47,3.8,3.47,3.6,87224240
5/6/2013,3.72,3.75,3.53,3.61,51331770
5/7/2013,3.65,3.669,3.44,3.54,35304790
5/8/2013,3.54,3.85,3.47,3.83,56980220
5/9/2013,3.91,3.99,3.83,3.86,47161000
5/10/2013,3.79,3.97,3.79,3.95,30558920
5/13/2013,3.95,4.22,3.94,4.17,54834820
5/14/2013,4.31,4.32,4.18,4.26,53210220
5/15/2013,4.29,4.42,4.26,4.38,38997120
5/16/2013,3.9,3.94,3.66,3.83,80160760
5/17/2013,3.93,4.095,3.9,4.07,33913210
5/20/2013,4.18,4.2,4.07,4.1,35421350
5/21/2013,4.15,4.2,3.95,4.02,36495720
5/22/2013,4.08,4.1,3.91,3.96,28730530
5/23/2013,3.81,4.05,3.79,4.01,33122590
5/24/2013,4.03,4.06,3.97,4.05,20615720
5/28/2013,4.13,4.15,4.02,4.05,19582310
5/29/2013,4.01,4.05,3.96,3.98,16247910
5/30/2013,4,4.06,3.99,4.04,14663850
5/31/2013,4.07,4.11,3.99,4,17653310
6/3/2013,4.02,4.03,3.81,3.96,23924130
6/4/2013,3.95,4.04,3.94,4.01,19587700
6/5/2013,4.01,4.03,3.89,3.91,15404510
6/6/2013,3.87,3.94,3.81,3.94,20824780
6/7/2013,3.98,3.99,3.875,3.91,12020510
6/10/2013,3.95,4.08,3.92,4.06,32305060
6/11/2013,4,4.11,3.96,3.96,20168750
6/12/2013,4,4.03,3.9,3.9,14594450
6/13/2013,3.9,3.96,3.87,3.95,14191750
6/14/2013,3.98,4.04,3.91,3.94,14365370
6/17/2013,4.12,4.14,4.015,4.05,31946270
6/18/2013,4.1,4.11,4.05,4.09,22809920
6/19/2013,4.15,4.18,4.04,4.07,24142850
6/20/2013,4.02,4.03,3.86,3.87,26588540
6/21/2013,3.97,4.04,3.9,4,32682550
6/24/2013,4.07,4.09,3.99,4.05,29053820
6/25/2013,4.11,4.15,4.06,4.15,26645810
6/26/2013,4.2,4.21,4.1207,4.14,19779510
6/27/2013,4.19,4.19,4.06,4.08,17396430
6/28/2013,4.08,4.12,4.02,4.08,13310900
7/1/2013,4.11,4.13,4.07,4.1,10681190
7/2/2013,4.09,4.12,3.95,3.97,17712730
7/3/2013,4,4.07,3.955,4.06,11320780
7/5/2013,4.08,4.1,4.03,4.07,8965372
7/8/2013,4.08,4.085,3.98,4,16894910
7/9/2013,4.02,4.08,4.01,4.05,9550119
7/10/2013,4.06,4.06,3.96,3.98,19120120
7/11/2013,4.215,4.45,4.16,4.45,106792000
7/12/2013,4.48,4.5,4.26,4.32,50248310
7/15/2013,4.34,4.4,4.31,4.4,21864270
7/16/2013,4.41,4.49,4.25,4.43,39672880
7/17/2013,4.44,4.45,4.33,4.38,16926150
7/18/2013,4.38,4.65,4.37,4.64,69380920
7/19/2013,3.99,4.08,3.85,4.03,151446600
7/22/2013,4.005,4.01,3.885,3.9,49758410
7/23/2013,3.88,3.88,3.64,3.66,76717500
7/24/2013,3.69,3.75,3.58,3.63,50766260
7/25/2013,3.64,3.74,3.6,3.7,29221360
7/26/2013,3.7,3.83,3.66,3.82,42510640
7/29/2013,3.87,3.89,3.75,3.75,32247460
7/30/2013,3.79,3.85,3.75,3.82,19591600
7/31/2013,3.85,3.9,3.77,3.77,34249330
8/1/2013,3.81,3.87,3.78,3.81,22216020
8/2/2013,3.8,3.84,3.77,3.8,13411720
8/5/2013,3.83,3.84,3.8,3.82,11674230
8/6/2013,3.81,3.82,3.71,3.72,19355480
8/7/2013,3.68,3.7,3.57,3.69,27522380
8/8/2013,3.71,3.73,3.61,3.71,16942080
8/9/2013,3.69,3.7,3.63,3.65,13656330
8/12/2013,3.615,3.72,3.61,3.65,10583220
8/13/2013,3.67,3.71,3.63,3.69,12294260
8/14/2013,3.68,3.83,3.65,3.82,32032580
8/15/2013,3.76,3.84,3.65,3.69,28169780
8/16/2013,3.69,3.71,3.65,3.66,11606420
8/19/2013,3.67,3.68,3.59,3.6,14351430
8/20/2013,3.62,3.69,3.59,3.63,16627450
8/21/2013,3.62,3.68,3.6,3.61,13950500
8/22/2013,3.63,3.65,3.6,3.63,10071380
8/23/2013,3.67,3.74,3.61,3.65,22448320
8/26/2013,3.65,3.66,3.58,3.58,22444900
8/27/2013,3.55,3.55,3.33,3.39,51610970
8/28/2013,3.35,3.49,3.33,3.42,19453800
8/29/2013,3.43,3.48,3.37,3.38,13385160
8/30/2013,3.38,3.41,3.25,3.27,31670370
9/3/2013,3.32,3.35,3.25,3.27,15531500
9/4/2013,3.28,3.34,3.25,3.31,29565950
9/5/2013,3.32,3.49,3.3,3.41,23054970
9/6/2013,3.54,3.6,3.43,3.57,35940790
9/9/2013,3.63,3.72,3.62,3.69,23618720
9/10/2013,3.78,3.87,3.77,3.87,33176450
9/11/2013,3.87,3.89,3.7367,3.82,23851520
9/12/2013,3.76,3.8,3.69,3.75,28776030
9/13/2013,3.75,3.87,3.72,3.83,25278500
9/16/2013,3.9,3.9,3.79,3.82,30593060
9/17/2013,3.83,3.9,3.77,3.85,25590720
9/18/2013,3.85,3.95,3.83,3.93,24046270
9/19/2013,3.96,4,3.915,3.95,24246040
9/20/2013,3.91,3.96,3.79,3.83,94516030
9/23/2013,3.81,3.87,3.77,3.79,20901540
9/24/2013,3.79,3.89,3.75,3.8,21396920
9/25/2013,3.82,3.94,3.79,3.91,23539760
9/26/2013,3.94,3.98,3.88,3.89,17437210
9/27/2013,3.87,3.91,3.83,3.86,11405380
9/30/2013,3.79,3.86,3.75,3.81,16543420
10/1/2013,3.82,3.94,3.81,3.86,26000870
10/2/2013,3.83,3.94,3.82,3.9,18561830
10/3/2013,3.93,3.94,3.86,3.9,25488340
10/4/2013,3.91,3.95,3.89,3.91,17112130
10/7/2013,3.87,3.91,3.83,3.86,16709040
10/8/2013,3.87,3.89,3.68,3.72,35876760
10/9/2013,3.75,3.75,3.55,3.65,35989690
10/10/2013,3.72,3.8,3.72,3.79,23997960
10/11/2013,3.78,3.85,3.75,3.83,17338270
10/14/2013,3.87,4.05,3.85,3.97,63562310
10/15/2013,4.03,4.1,4.01,4.02,51935420
10/16/2013,4.1,4.1,4.025,4.09,34002480
10/17/2013,4.12,4.13,4.06,4.09,44369980
10/18/2013,3.56,3.66,3.51,3.53,108447900
10/21/2013,3.56,3.56,3.3,3.37,68808010
10/22/2013,3.32,3.34,3.12,3.18,92413090
10/23/2013,3.2,3.25,3.04,3.14,65916630
10/24/2013,3.205,3.3,3.16,3.23,42953530
10/25/2013,3.29,3.39,3.29,3.34,43314200
10/28/2013,3.38,3.39,3.32,3.32,23720140
10/29/2013,3.34,3.37,3.32,3.33,15791100
10/30/2013,3.35,3.36,3.3,3.3,16149680
10/31/2013,3.31,3.35,3.25,3.34,18007040
11/1/2013,3.37,3.37,3.3,3.31,14398660
11/4/2013,3.34,3.38,3.29,3.32,16682520
11/5/2013,3.32,3.35,3.29,3.33,13980280
11/6/2013,3.33,3.35,3.3,3.32,15034500
11/7/2013,3.33,3.33,3.23,3.28,18817240
11/8/2013,3.26,3.29,3.2,3.27,12038640
11/11/2013,3.29,3.34,3.25,3.34,12981290
11/12/2013,3.34,3.45,3.33,3.44,20070950
11/13/2013,3.5,3.55,3.46,3.54,28886180
11/14/2013,3.55,3.57,3.47,3.52,15110240
11/15/2013,3.53,3.53,3.48,3.5,11570830
11/18/2013,3.53,3.54,3.47,3.47,13048630
11/19/2013,3.46,3.48,3.36,3.42,20115540
11/20/2013,3.44,3.46,3.4,3.42,9913561
11/21/2013,3.43,3.44,3.35,3.37,13646250
11/22/2013,3.38,3.39,3.325,3.34,11296940
11/25/2013,3.36,3.4,3.34,3.39,11562630
11/26/2013,3.42,3.48,3.4,3.45,16956760
11/27/2013,3.475,3.58,3.46,3.56,19861240
11/29/2013,3.6,3.68,3.58,3.64,15448410
12/2/2013,3.65,3.7,3.56,3.66,24093160
12/3/2013,3.64,3.71,3.58,3.62,23323170
12/4/2013,3.57,3.63,3.48,3.57,21608240
12/5/2013,3.56,3.65,3.55,3.64,14421130
12/6/2013,3.67,3.7,3.63,3.66,15793610
12/9/2013,3.66,3.7,3.63,3.63,10449820
12/10/2013,3.63,3.78,3.6,3.72,29549780
12/11/2013,3.74,3.77,3.66,3.68,13428020
12/12/2013,3.68,3.75,3.645,3.69,9950604
12/13/2013,3.7,3.72,3.6467,3.69,9059569
12/16/2013,3.64,3.66,3.51,3.59,22204680
12/17/2013,3.6,3.67,3.58,3.65,14823530
12/18/2013,3.64,3.67,3.6,3.65,12621370
12/19/2013,3.64,3.68,3.5959,3.65,10418340
12/20/2013,3.64,3.7,3.64,3.69,12762650
12/23/2013,3.74,3.78,3.72,3.75,14494760
12/24/2013,3.77,3.8,3.75,3.77,5798855
12/26/2013,3.8,3.85,3.79,3.8,9875522
12/27/2013,3.82,3.829,3.76,3.78,8236660
12/30/2013,3.79,3.88,3.78,3.85,17432700
12/31/2013,3.87,3.88,3.83,3.87,12347840
1/2/2014,3.85,3.98,3.84,3.95,20548430
1/3/2014,3.98,4,3.88,4,22887160
1/6/2014,4.01,4.18,3.99,4.13,42388340
1/7/2014,4.19,4.25,4.11,4.18,42930940
1/8/2014,4.23,4.26,4.14,4.18,30678740
1/9/2014,4.2,4.23,4.05,4.09,30667580
1/10/2014,4.09,4.2,4.07,4.17,20840770
1/13/2014,4.19,4.2,4.09,4.13,22856060
1/14/2014,4.14,4.3,4.13,4.3,42434780
1/15/2014,4.34,4.6,4.32,4.47,66603880
1/16/2014,4.5,4.51,4.32,4.38,46975590
1/17/2014,4.15,4.35,4.11,4.18,45842720
1/21/2014,4.31,4.34,4.13,4.17,58180190
1/22/2014,3.79,3.82,3.66,3.67,86329010
1/23/2014,3.67,3.68,3.58,3.62,29841660
1/24/2014,3.6,3.61,3.41,3.47,48321490
1/27/2014,3.48,3.49,3.35,3.41,31330130
1/28/2014,3.43,3.57,3.41,3.54,27959420
1/29/2014,3.52,3.56,3.45,3.48,21765000
1/30/2014,3.51,3.52,3.45,3.48,17111230
1/31/2014,3.45,3.47,3.43,3.43,13602150
2/3/2014,3.43,3.44,3.33,3.33,22278150
2/4/2014,3.35,3.43,3.3,3.37,22681000
2/5/2014,3.36,3.37,3.2915,3.31,14858900
2/6/2014,3.32,3.46,3.32,3.41,16072860
2/7/2014,3.46,3.5,3.42,3.47,23135300
2/10/2014,3.5,3.64,3.45,3.63,21241120
2/11/2014,3.66,3.75,3.65,3.7,34198080
2/12/2014,3.71,3.73,3.63,3.69,18321310
2/13/2014,3.64,3.71,3.64,3.7,13368550
2/14/2014,3.7,3.72,3.64,3.69,12405900
2/18/2014,3.69,3.72,3.65,3.7,11956700
2/19/2014,3.7,3.74,3.68,3.72,14175530
2/20/2014,3.72,3.75,3.66,3.69,13276080
2/21/2014,3.71,3.75,3.66,3.69,13606810
2/24/2014,3.71,3.73,3.7,3.71,10717900
2/25/2014,3.73,3.735,3.66,3.69,9173451
2/26/2014,3.7,3.72,3.63,3.7,13211680
2/27/2014,3.69,3.77,3.68,3.71,18218050
2/28/2014,3.73,3.77,3.7,3.71,14643240
3/3/2014,3.66,3.7,3.6,3.67,19555810
3/4/2014,3.7,3.73,3.68,3.7,10516100
3/5/2014,3.7,3.73,3.69,3.71,10740170
3/6/2014,3.72,3.745,3.71,3.73,10706080
3/7/2014,3.75,4.02,3.75,3.95,55435800
3/10/2014,4.04,4.06,3.8,3.81,42134890
3/11/2014,3.86,4.01,3.83,3.85,34951440
3/12/2014,3.86,3.93,3.85,3.91,14690990
3/13/2014,3.94,3.99,3.84,3.86,19770480
3/14/2014,3.84,3.9,3.82,3.85,18161540
3/17/2014,3.88,3.91,3.78,3.8,19914580
3/18/2014,3.82,3.91,3.81,3.89,15266520
3/19/2014,3.91,4,3.9,3.98,28453300
3/20/2014,3.96,4.05,3.9,4.05,23564500
3/21/2014,4.07,4.14,4.01,4.04,23860830
3/24/2014,4.05,4.14,3.98,4.05,20669450
3/25/2014,4.09,4.12,4.02,4.05,14384080
3/26/2014,4.08,4.1,4.02,4.05,14799680
3/27/2014,3.99,4.07,3.87,3.91,24502100
3/28/2014,3.93,3.97,3.87,3.88,13183890
3/31/2014,3.93,4.02,3.9,4.01,15380930
4/1/2014,4.04,4.1,4.02,4.07,18711230
4/2/2014,4.12,4.12,4.06,4.06,14834590
4/3/2014,4.07,4.1,3.97,4,16780420
4/4/2014,4.03,4.11,3.92,4.01,23367050
4/7/2014,3.98,3.99,3.83,3.88,24800580
4/8/2014,3.89,4,3.83,3.99,17339070
4/9/2014,4.01,4.02,3.95,3.98,11268830
4/10/2014,3.97,4.01,3.84,3.85,21348820
4/11/2014,3.82,3.85,3.65,3.65,34356490
4/14/2014,3.72,3.78,3.65,3.71,22735060
4/15/2014,3.74,3.82,3.715,3.79,21694140
4/16/2014,3.81,3.83,3.73,3.76,18078410
4/17/2014,3.78,3.795,3.69,3.69,31447520
4/21/2014,4.01,4.2,3.955,4.12,102353000
4/22/2014,4.13,4.31,4.11,4.3,52698840
4/23/2014,4.28,4.3,4.155,4.25,29085050
4/24/2014,4.27,4.35,4.2,4.28,27517350
4/25/2014,4.22,4.26,4.04,4.05,37672140
4/28/2014,4.09,4.12,3.87,3.96,31637530
4/29/2014,4.02,4.03,3.96,4.03,14580940
4/30/2014,4,4.1,3.99,4.09,18232920
5/1/2014,4.13,4.24,4.1,4.2,37749160
5/2/2014,4.17,4.2,4.1,4.12,14468610
5/5/2014,4.1,4.14,4.06,4.09,8978250
5/6/2014,4.06,4.13,3.98,4.01,17897310
5/7/2014,4.04,4.04,3.89,3.97,22366630
5/8/2014,3.95,4.03,3.91,3.93,14543560
5/9/2014,3.91,3.93,3.85,3.87,15971590
5/12/2014,3.87,4,3.86,3.97,14783080
5/13/2014,3.99,4.09,3.98,4.03,11212280
5/14/2014,4.03,4.06,3.98,3.98,10349620
5/15/2014,3.96,3.98,3.89,3.96,18000880
5/16/2014,3.95,4.05,3.91,4.02,17130980
5/19/2014,4,4.1,3.96,4.09,18171030
5/20/2014,4.09,4.11,4,4.05,15645960
5/21/2014,4.06,4.1,4.05,4.1,13369480
5/22/2014,4.09,4.09,4.01,4.01,11869430
5/23/2014,4.03,4.06,3.97,4.02,9800173
5/27/2014,4.05,4.06,4.03,4.04,6911519
5/28/2014,4.04,4.06,3.99,4,12290070
5/29/2014,4.02,4.06,4.01,4.03,8876228
5/30/2014,4.02,4.03,3.98,4,10030640
6/2/2014,4.03,4.03,3.94,3.97,10859500
6/3/2014,3.96,3.975,3.92,3.94,10842550
6/4/2014,3.93,4.05,3.93,4.04,13257420
6/5/2014,4.04,4.09,4.02,4.08,13700100
6/6/2014,4.09,4.11,4.06,4.06,8465954
6/9/2014,4.05,4.1,4.04,4.07,7596192
6/10/2014,4.1,4.23,4.1,4.2,28302000
6/11/2014,4.18,4.3,4.17,4.29,20579550
6/12/2014,4.33,4.44,4.28,4.29,26616090
6/13/2014,4.36,4.39,4.24,4.28,17726290
6/16/2014,4.26,4.44,4.26,4.44,26172210
6/17/2014,4.41,4.5,4.41,4.47,19406680
6/18/2014,4.5,4.5,4.35,4.4,14680460
6/19/2014,4.42,4.45,4.33,4.36,10879400
6/20/2014,4.34,4.37,4.07,4.1,54668490
6/23/2014,4.06,4.075,3.9,4.01,49632800
6/24/2014,4.005,4.07,3.93,3.94,20367790
6/25/2014,3.95,4,3.94,3.96,13807700
6/26/2014,3.95,4.09,3.94,4.03,21558880
6/27/2014,4.06,4.11,4.04,4.11,15809510
6/30/2014,4.12,4.25,4.08,4.19,25850240
7/1/2014,4.21,4.26,4.17,4.22,29280230
7/2/2014,4.23,4.35,4.22,4.34,20325220
7/3/2014,4.36,4.4,4.14,4.24,22521690
7/7/2014,4.23,4.31,4.21,4.26,21165500
7/8/2014,4.25,4.3,4.1,4.22,41601520
7/9/2014,4.21,4.29,4.2,4.23,18458970
7/10/2014,4.18,4.36,4.14,4.29,39243940
7/11/2014,4.3,4.4,4.29,4.37,22304540
7/14/2014,4.44,4.65,4.39,4.64,72964740
7/15/2014,4.63,4.8,4.41,4.53,156094200
7/16/2014,4.6,4.77,4.57,4.66,61560630
7/17/2014,4.66,4.68,4.5,4.57,48897820
7/18/2014,3.73,3.84,3.67,3.83,137034500
7/21/2014,3.86,3.87,3.75,3.78,34111500
7/22/2014,3.82,3.86,3.78,3.8,33652040
7/23/2014,3.82,3.83,3.75,3.76,31619010
7/24/2014,3.75,3.8,3.71,3.73,27808530
7/25/2014,3.73,3.79,3.69,3.76,31603430
7/28/2014,3.77,3.78,3.68,3.73,31418900
7/29/2014,3.74,3.84,3.73,3.79,35962510
7/30/2014,3.82,3.88,3.77,3.82,42863020
7/31/2014,3.8,3.99,3.78,3.91,111968600
8/1/2014,3.91,4.015,3.87,3.97,33526870
8/4/2014,3.97,4.02,3.93,4,21361900
8/5/2014,3.99,4.11,3.97,4.08,40329770
8/6/2014,4.06,4.14,4.03,4.12,16271150
8/7/2014,4.14,4.1997,4.07,4.1,32710980
8/8/2014,4.1,4.15,4.05,4.12,27166950
8/11/2014,4.03,4.19,3.99,4.14,29560460
8/12/2014,4.12,4.14,4.08,4.08,27350150
8/13/2014,4.08,4.15,4.03,4.11,30396790
8/14/2014,4.1,4.17,4.075,4.08,26147060
8/15/2014,4.12,4.14,4.07,4.13,33349190
8/18/2014,4.14,4.22,4.14,4.21,45381080
8/19/2014,4.2,4.3,4.2,4.27,23201470
8/20/2014,4.25,4.32,4.22,4.28,11986560
8/21/2014,4.29,4.29,4.21,4.24,11937900
8/22/2014,4.22,4.28,4.21,4.25,8364666
8/25/2014,4.27,4.27,4.18,4.18,8998241
8/26/2014,4.17,4.22,4.13,4.19,9169418
8/27/2014,4.2,4.21,4.15,4.16,7304374
8/28/2014,4.14,4.19,4.07,4.14,10331440
8/29/2014,4.15,4.19,4.14,4.17,7329811
9/2/2014,4.16,4.25,4.15,4.16,12588260
9/3/2014,4.17,4.23,4.17,4.19,9596869
9/4/2014,4.185,4.25,4.15,4.15,12790300
9/5/2014,4.17,4.19,4.15,4.15,6630243
9/8/2014,4.13,4.18,4.1,4.13,8396168
9/9/2014,4.15,4.16,4.08,4.08,8950417
9/10/2014,4.08,4.11,4.01,4.08,13276840
9/11/2014,4.03,4.08,4.02,4.08,8086371
9/12/2014,4.06,4.11,3.96,3.96,14120910
9/15/2014,3.98,4.02,3.9,3.91,18257030
9/16/2014,3.89,3.9,3.795,3.81,40019180
9/17/2014,3.82,3.88,3.8,3.82,24880130
9/18/2014,3.88,3.94,3.695,3.88,16059280
9/19/2014,3.93,3.94,3.81,3.81,22716630
9/22/2014,3.81,3.83,3.75,3.76,14201380
9/23/2014,3.76,3.79,3.69,3.69,16277180
9/24/2014,3.71,3.75,3.69,3.7,11694850
9/25/2014,3.7,3.72,3.6,3.63,17506030
9/26/2014,3.63,3.67,3.6,3.6,12829230
9/29/2014,3.56,3.66,3.54,3.55,26832500
9/30/2014,3.56,3.58,3.4,3.41,55675210
10/1/2014,3.39,3.42,3.3,3.35,33645920
10/2/2014,3.37,3.44,3.28,3.39,27631990
10/3/2014,3.43,3.46,3.37,3.4,16754590
10/6/2014,3.415,3.44,3.3,3.36,17862280
10/7/2014,3.35,3.38,3.28,3.28,17538010
10/8/2014,3.3,3.3052,3.18,3.28,27327850
10/9/2014,3.03,3.2,2.94,2.95,69483640
10/10/2014,2.95,2.95,2.71,2.72,40991890
10/13/2014,2.78,2.845,2.73,2.74,38102460
10/14/2014,2.61,2.75,2.6,2.62,39925880
10/15/2014,2.62,2.705,2.54,2.61,36155290
10/16/2014,2.56,2.715,2.54,2.64,38604690
10/17/2014,2.67,2.86,2.66,2.72,75804630
10/20/2014,2.791,2.795,2.6,2.67,28699850
10/21/2014,2.695,2.78,2.68,2.77,24021120
10/22/2014,2.79,2.795,2.64,2.64,23005310
10/23/2014,2.68,2.71,2.6497,2.69,23730660
10/24/2014,2.69,2.73,2.67,2.68,11945350
10/27/2014,2.68,2.71,2.65,2.66,13296570
10/28/2014,2.69,2.77,2.67,2.72,22875480
10/29/2014,2.75,2.81,2.73,2.77,15600870
10/30/2014,2.79,2.79,2.7,2.75,13287070
10/31/2014,2.79,2.83,2.75,2.8,14693080
11/3/2014,2.81,2.9,2.81,2.87,11733620
11/4/2014,2.9,2.905,2.75,2.83,12524310
11/5/2014,2.85,2.87,2.77,2.8,9633141
11/6/2014,2.78,2.8,2.75,2.76,8929950
11/7/2014,2.77,2.8,2.76,2.78,7292980
11/10/2014,2.78,2.81,2.75,2.76,12591390
11/11/2014,2.78,2.79,2.72,2.73,8113460
11/12/2014,2.73,2.75,2.65,2.71,15858140
11/13/2014,2.71,2.74,2.65,2.66,10908430
11/14/2014,2.675,2.7,2.61,2.61,12345720
11/17/2014,2.62,2.69,2.61,2.67,12591610
11/18/2014,2.69,2.73,2.63,2.65,14956310
11/19/2014,2.68,2.68,2.61,2.63,10318360
11/20/2014,2.6,2.72,2.59,2.69,15043310
11/21/2014,2.72,2.77,2.71,2.77,11310550
11/24/2014,2.8,2.85,2.8,2.83,12292640
11/25/2014,2.84,2.86,2.76,2.83,11071560
11/26/2014,2.81,2.84,2.8,2.84,10553450
11/28/2014,2.85,2.85,2.77,2.79,5665011
12/1/2014,2.77,2.79,2.64,2.67,16013070
12/2/2014,2.69,2.71,2.61,2.68,12437740
12/3/2014,2.71,2.82,2.69,2.74,18256490
12/4/2014,2.75,2.75,2.66,2.69,15538960
12/5/2014,2.69,2.7,2.66,2.66,9445695
12/8/2014,2.65,2.68,2.52,2.58,25392300
12/9/2014,2.55,2.59,2.49,2.59,22918520
12/10/2014,2.58,2.58,2.46,2.48,17683630
12/11/2014,2.51,2.54,2.46,2.49,10149260
12/12/2014,2.46,2.55,2.35,2.52,21209540
12/15/2014,2.52,2.6,2.46,2.47,19624310
12/16/2014,2.44,2.53,2.42,2.5,17049330
12/17/2014,2.5,2.57,2.46,2.55,12521260
12/18/2014,2.58,2.59,2.54,2.55,12396250
12/19/2014,2.53,2.57,2.51,2.57,14681910
12/22/2014,2.55,2.68,2.52,2.66,15029630
12/23/2014,2.69,2.72,2.66,2.67,8276449
12/24/2014,2.63,2.7,2.63,2.65,4624005
12/26/2014,2.65,2.685,2.65,2.65,4025955
12/29/2014,2.64,2.66,2.63,2.66,8526993
12/30/2014,2.64,2.695,2.63,2.63,7779228
12/31/2014,2.64,2.7,2.64,2.67,11176420
1/2/2015,2.7,2.73,2.64,2.69,8308172
1/5/2015,2.67,2.7,2.64,2.66,8836156
1/6/2015,2.65,2.66,2.55,2.63,13916650
1/7/2015,2.63,2.65,2.54,2.58,12373330
1/8/2015,2.59,2.645,2.56,2.61,11128830
1/9/2015,2.63,2.64,2.58,2.63,8907568
1/12/2015,2.62,2.64,2.55,2.63,9970828
1/13/2015,2.64,2.68,2.6,2.66,17886250
1/14/2015,2.6,2.66,2.58,2.63,9986012
1/15/2015,2.62,2.65,2.49,2.52,17718760
1/16/2015,2.52,2.53,2.39,2.39,30172610
1/20/2015,2.39,2.43,2.19,2.24,56671860
1/21/2015,2.18,2.45,2.14,2.45,46522910
1/22/2015,2.42,2.5,2.37,2.47,36166280
1/23/2015,2.48,2.5,2.43,2.45,11104020
1/26/2015,2.44,2.64,2.44,2.61,36557460
1/27/2015,2.58,2.84,2.56,2.7,51802420
1/28/2015,2.71,2.75,2.6,2.63,24777570
1/29/2015,2.63,2.69,2.51,2.61,17790200
1/30/2015,2.56,2.6,2.51,2.57,12908080
2/2/2015,2.69,2.75,2.65,2.67,25623000
2/3/2015,2.7,2.8,2.68,2.76,22588940
2/4/2015,2.78,2.92,2.76,2.85,34828280
2/5/2015,2.88,3.37,2.87,3.31,73180050
2/6/2015,3.2,3.21,3,3.03,38132570
2/9/2015,3.03,3.07,2.93,3.04,24111050
2/10/2015,3.07,3.1,3.01,3.04,13955380
2/11/2015,3.03,3.1,3,3.07,11739790
2/12/2015,3.08,3.15,3.05,3.12,12972490
2/13/2015,3.13,3.18,3.11,3.15,9585105
2/17/2015,3.16,3.17,3.08,3.11,8674560
2/18/2015,3.11,3.135,3.06,3.08,7282617
2/19/2015,3.06,3.08,3.01,3.055,6565546
2/20/2015,3.03,3.13,3.02,3.06,10667420
2/23/2015,3.05,3.1,3.03,3.06,6318836
2/24/2015,3.06,3.115,3.02,3.11,10901380
2/25/2015,3.08,3.14,3.06,3.1,6151341
2/26/2015,3.1,3.125,3.06,3.08,8680872
2/27/2015,3.07,3.12,3.07,3.11,7149149
3/2/2015,3.13,3.23,3.11,3.21,15629320
3/3/2015,3.2,3.23,3.13,3.14,8644947
3/4/2015,3.14,3.14,3.01,3.05,12113840
3/5/2015,3.1,3.1,2.98,2.98,11471770
3/6/2015,2.96,2.99,2.83,2.92,16785240
3/9/2015,2.92,2.98,2.9,2.93,12262970
3/10/2015,2.97,2.98,2.92,2.92,10276840
3/11/2015,2.92,2.945,2.8,2.84,11750480
3/12/2015,2.76,2.79,2.715,2.76,13825140
3/13/2015,2.74,2.78,2.71,2.75,8098865
3/16/2015,2.75,2.81,2.75,2.76,6130375
3/17/2015,2.75,2.795,2.7399,2.77,7741149
3/18/2015,2.77,2.82,2.72,2.75,11382790
3/19/2015,2.76,2.78,2.73,2.74,8781601
3/20/2015,2.76,2.8,2.74,2.8,10758700
3/23/2015,2.81,2.85,2.8,2.84,7420847
3/24/2015,2.85,2.85,2.76,2.79,8696232
3/25/2015,2.78,2.79,2.56,2.63,26953530
3/26/2015,2.59,2.7,2.53,2.65,28196150
3/27/2015,2.7,2.8,2.63,2.72,16818630
3/30/2015,2.73,2.76,2.655,2.7,8557807
3/31/2015,2.66,2.7,2.65,2.68,7024181
4/1/2015,2.66,2.75,2.65,2.69,11235510
4/2/2015,2.66,2.7,2.65,2.69,7045863
4/6/2015,2.68,2.73,2.68,2.7,8047911
4/7/2015,2.7,2.74,2.69,2.7,5729175
4/8/2015,2.68,2.74,2.68,2.71,4348785
4/9/2015,2.69,2.75,2.69,2.72,7114736
4/10/2015,2.74,2.78,2.73,2.76,6174922
4/13/2015,2.76,2.8,2.73,2.78,8387343
4/14/2015,2.77,2.79,2.65,2.67,13346730
4/15/2015,2.7,2.74,2.65,2.7,15252720
4/16/2015,2.72,2.94,2.7,2.87,28179120
4/17/2015,2.535,2.58,2.45,2.575,53122450
4/20/2015,2.56,2.57,2.45,2.49,29147160
4/21/2015,2.53,2.53,2.35,2.35,31241710
4/22/2015,2.35,2.36,2.25,2.28,27614960
4/23/2015,2.28,2.36,2.26,2.33,15125260
4/24/2015,2.36,2.38,2.3,2.3,14990940
4/27/2015,2.3,2.36,2.29,2.34,13476680
4/28/2015,2.36,2.37,2.31,2.31,11428850
4/29/2015,2.3,2.33,2.27,2.28,11867040
4/30/2015,2.28,2.31,2.26,2.26,11462370
5/1/2015,2.26,2.31,2.25,2.31,11654300
5/4/2015,2.31,2.36,2.3,2.31,9664705
5/5/2015,2.34,2.34,2.25,2.28,12367660
5/6/2015,2.29,2.305,2.24,2.29,18491600
5/7/2015,2.32,2.32,2.26,2.32,15012520
5/8/2015,2.33,2.36,2.3,2.31,9758803
5/11/2015,2.31,2.35,2.31,2.32,10043790
5/12/2015,2.32,2.35,2.3,2.35,10016600
5/13/2015,2.36,2.38,2.35,2.37,7249043
5/14/2015,2.38,2.39,2.33,2.33,8858710
5/15/2015,2.33,2.38,2.32,2.32,8036913
5/18/2015,2.35,2.36,2.33,2.35,4681622
5/19/2015,2.36,2.37,2.28,2.28,9583275
5/20/2015,2.3,2.33,2.28,2.32,6800595
5/21/2015,2.31,2.35,2.28,2.28,7119698
5/22/2015,2.3,2.31,2.27,2.28,12815880
5/26/2015,2.27,2.28,2.22,2.22,10003490
5/27/2015,2.24,2.28,2.2,2.28,17413660
5/28/2015,2.28,2.33,2.27,2.27,12123430
5/29/2015,2.27,2.32,2.25,2.28,7727023
6/1/2015,2.29,2.3,2.25,2.25,6779356
6/2/2015,2.26,2.3,2.25,2.3,7103022
6/3/2015,2.3,2.32,2.28,2.28,8046887
6/4/2015,2.28,2.33,2.26,2.33,11491820
6/5/2015,2.31,2.34,2.29,2.33,7349656
6/8/2015,2.31,2.33,2.29,2.31,6208936
6/9/2015,2.35,2.36,2.28,2.29,12279660
6/10/2015,2.31,2.35,2.3,2.32,8158497
6/11/2015,2.34,2.35,2.31,2.32,7670984
6/12/2015,2.31,2.33,2.3,2.31,4553446
6/15/2015,2.32,2.35,2.29,2.32,8621427
6/16/2015,2.32,2.37,2.32,2.35,9781194
6/17/2015,2.37,2.54,2.35,2.47,27478700
6/18/2015,2.5,2.59,2.48,2.52,25393210
6/19/2015,2.53,2.59,2.46,2.58,25471000
6/22/2015,2.61,2.67,2.58,2.62,19399200
6/23/2015,2.62,2.64,2.55,2.61,17900880
6/24/2015,2.6,2.66,2.5699,2.62,17512840
6/25/2015,2.62,2.66,2.57,2.58,18345790
6/26/2015,2.54,2.55,2.37,2.47,97045670
6/29/2015,2.41,2.42,2.31,2.34,22845720
6/30/2015,2.43,2.43,2.35,2.4,19368380
7/1/2015,2.47,2.48,2.36,2.42,19358450
7/2/2015,2.43,2.63,2.39,2.53,31176340
7/6/2015,2.46,2.54,2.44,2.47,19882970
7/7/2015,2.04,2.14,2.02,2.09,46356660
7/8/2015,2.07,2.07,2.01,2.01,15111470
7/9/2015,2.04,2.06,1.93,1.98,23364680
7/10/2015,2,2.03,1.95,1.96,17493980
7/13/2015,1.97,1.99,1.95,1.96,9049715
7/14/2015,2.03,2.06,1.97,2.05,15809520
7/15/2015,2.07,2.09,1.95,1.96,13509620
7/16/2015,1.97,2,1.87,1.87,20489440
7/17/2015,1.87,1.9,1.74,1.79,28115700
7/20/2015,1.82,1.84,1.77,1.8,12126610
7/21/2015,1.82,1.83,1.78,1.8,14982920
7/22/2015,1.8,1.81,1.76,1.79,15993970
7/23/2015,1.8,1.81,1.75,1.76,10612790
7/24/2015,1.76,1.77,1.65,1.67,16042430
7/27/2015,1.67,1.7,1.61,1.62,11907530
7/28/2015,1.62,1.77,1.62,1.77,14587100
7/29/2015,1.77,1.99,1.76,1.96,25426480
7/30/2015,1.94,1.99,1.88,1.93,15837440
7/31/2015,1.94,1.985,1.92,1.93,7732694
8/3/2015,1.93,2.2,1.9,2.2,25929210
8/4/2015,2.18,2.18,2.05,2.13,14281870
8/5/2015,2.11,2.21,2.1,2.16,13235970
8/6/2015,2.15,2.17,2.1,2.11,9475520
8/7/2015,2.1,2.14,2.06,2.09,7666911
8/10/2015,1.92,1.98,1.82,1.93,29750000
8/11/2015,1.91,1.93,1.88,1.9,7470926
8/12/2015,1.88,1.93,1.84,1.9,8524768
8/13/2015,1.9,1.91,1.79,1.79,7838435
8/14/2015,1.8,1.85,1.79,1.84,6182510
8/17/2015,1.82,1.88,1.795,1.8,9048949
8/18/2015,1.79,1.82,1.75,1.8,9751510
8/19/2015,1.8,1.81,1.76,1.8,7441178
8/20/2015,1.79,1.8,1.7,1.7,13745160
8/21/2015,1.68,1.8,1.68,1.78,12518960
8/24/2015,1.69,1.83,1.65,1.75,17217370
8/25/2015,1.82,1.82,1.66,1.66,12073250
8/26/2015,1.69,1.73,1.66,1.72,10708420
8/27/2015,1.74,1.835,1.74,1.78,11834720
8/28/2015,1.75,1.87,1.75,1.85,10921540
8/31/2015,1.82,1.87,1.79,1.81,6513566
9/1/2015,1.77,1.82,1.71,1.71,8446010
9/2/2015,1.75,1.77,1.72,1.77,6302617
9/3/2015,1.76,1.85,1.76,1.79,7154181
9/4/2015,1.76,1.84,1.76,1.82,6723794
9/8/2015,1.85,1.88,1.83,1.88,6009499
9/9/2015,1.9,1.97,1.83,1.85,12606140
9/10/2015,1.84,1.88,1.83,1.84,4290325
9/11/2015,1.88,2.14,1.81,2.01,30736690
9/14/2015,2,2,1.81,1.82,16452210
9/15/2015,1.84,1.87,1.81,1.86,6520445
9/16/2015,1.87,1.9,1.85,1.89,4926411
9/17/2015,1.9,1.94,1.87,1.89,5824857
9/18/2015,1.87,1.92,1.85,1.87,11798440
9/21/2015,1.87,1.8969,1.81,1.81,5374258
9/22/2015,1.8,1.8351,1.715,1.73,9967075
9/23/2015,1.76,1.775,1.69,1.7,9641689
9/24/2015,1.68,1.73,1.66,1.72,11244590
9/25/2015,1.75,1.75,1.68,1.71,5599242
9/28/2015,1.69,1.7,1.66,1.66,5485651
9/29/2015,1.67,1.69,1.65,1.67,7004223
9/30/2015,1.7,1.72,1.68,1.72,5737704
10/1/2015,1.77,1.77,1.72,1.74,5514019
10/2/2015,1.76,1.83,1.72,1.83,7138787
10/5/2015,1.82,1.87,1.77,1.8,7595260
10/6/2015,1.8,1.86,1.8,1.83,8663497
10/7/2015,1.82,1.87,1.82,1.86,7858632
10/8/2015,1.87,1.9475,1.85,1.93,9197867
10/9/2015,1.92,1.96,1.89,1.96,8625861
10/12/2015,1.96,1.96,1.85,1.87,7687701
10/13/2015,1.87,1.94,1.86,1.92,6687943
10/14/2015,1.92,1.96,1.92,1.95,10182280
10/15/2015,1.97,2.06,1.95,1.97,27268150
10/16/2015,2,2,1.89,1.94,21271000
10/19/2015,1.91,2.01,1.91,2.01,10670660
10/20/2015,2,2.03,1.97,2.02,5574769
10/21/2015,2.02,2.12,2.01,2.1,14961000
10/22/2015,2.1,2.16,2.09,2.14,8207419
10/23/2015,2.1,2.21,2.1,2.21,9554983
10/26/2015,2.21,2.21,2.12,2.15,6313499
10/27/2015,2.12,2.16,2.1,2.15,5740686
10/28/2015,2.14,2.2,2.12,2.18,6950462
10/29/2015,2.15,2.18,2.11,2.13,4496887
10/30/2015,2.14,2.15,2.12,2.12,4897116
11/2/2015,2.13,2.19,2.11,2.19,5851132
11/3/2015,2.16,2.29,2.16,2.28,8704415
11/4/2015,2.27,2.3,2.18,2.2,8205318
11/5/2015,2.21,2.24,2.17,2.2,4302179
11/6/2015,2.19,2.21,2.13,2.15,8996145
11/9/2015,2.15,2.18,2.1,2.11,6231234
11/10/2015,2.09,2.1,2.02,2.02,6160923
11/11/2015,2.02,2.09,2.02,2.07,3530645
11/12/2015,2.05,2.07,2,2,3576405
11/13/2015,1.99,2.04,1.94,1.99,5919891
11/16/2015,1.99,2.02,1.95,1.99,4027291
11/17/2015,2.01,2.04,1.97,1.98,5824909
11/18/2015,1.99,2.15,1.98,2.12,8802107
11/19/2015,2.1,2.16,2.09,2.14,4704259
11/20/2015,2.14,2.25,2.13,2.22,10488010
11/23/2015,2.22,2.24,2.18,2.22,4862634
11/24/2015,2.2,2.4,2.17,2.34,15858610
11/25/2015,2.36,2.395,2.31,2.38,6915033
11/27/2015,2.37,2.38,2.32,2.33,2606577
11/30/2015,2.34,2.37,2.25,2.36,9915362
12/1/2015,2.36,2.37,2.31,2.34,5646342
12/2/2015,2.31,2.335,2.23,2.27,7501680
12/3/2015,2.25,2.31,2.2,2.23,7054734
12/4/2015,2.23,2.29,2.21,2.28,4573578
12/7/2015,2.26,2.36,2.21,2.355,8473616
12/8/2015,2.34,2.4,2.25,2.39,9055612
12/9/2015,2.37,2.4,2.32,2.35,8694560
12/10/2015,2.36,2.5,2.33,2.45,13067020
12/11/2015,2.41,2.47,2.36,2.36,11883770
12/14/2015,2.36,2.39,2.3,2.34,7686052
12/15/2015,2.35,2.43,2.32,2.36,7319550
12/16/2015,2.39,2.55,2.365,2.54,19507030
12/17/2015,2.52,2.6,2.52,2.56,11374070
12/18/2015,2.51,2.55,2.42,2.45,17704860
12/21/2015,2.47,2.53,2.43,2.53,6871914
12/22/2015,2.55,2.78,2.54,2.77,24888570
12/23/2015,2.76,2.94,2.75,2.83,30365170
12/24/2015,2.88,3,2.86,2.92,11900890
12/28/2015,2.91,3.02,2.86,3,16048590
12/29/2015,3.04,3.06,2.97,3,15292210
12/30/2015,2.99,3.04,2.93,2.98,10046410
12/31/2015,2.97,3.01,2.87,2.87,11068230
1/4/2016,2.77,2.82,2.63,2.77,32356640
1/5/2016,2.77,2.8,2.64,2.75,12972230
1/6/2016,2.66,2.71,2.47,2.505,23750860
1/7/2016,2.43,2.48,2.26,2.275,22177700
1/8/2016,2.36,2.425,2.1,2.14,31821770
1/11/2016,2.16,2.36,2.12,2.34,19629310
1/12/2016,2.4,2.46,2.28,2.39,17979540
1/13/2016,2.4,2.45,2.21,2.25,12749290
1/14/2016,2.29,2.35,2.21,2.21,15568560
1/15/2016,2.1,2.13,1.99,2.03,21190630
1/19/2016,2.08,2.11,1.9,1.95,18935550
1/20/2016,1.81,1.95,1.75,1.8,29229490
1/21/2016,1.82,2.18,1.81,2.09,26382930
1/22/2016,2.11,2.17,1.98,2.02,16245520
1/25/2016,2.01,2.15,2.01,2.12,13062930
1/26/2016,2.14,2.15,2.03,2.07,11095350
1/27/2016,2.08,2.18,2.07,2.13,10829200
1/28/2016,2.16,2.17,2.07,2.08,7112022
1/29/2016,2.09,2.2,2.07,2.2,11998040
2/1/2016,2.17,2.19,2.11,2.14,8816117
2/2/2016,2.11,2.14,1.96,1.99,11214710
2/3/2016,2.04,2.075,1.95,2.07,9978131
2/4/2016,2.06,2.17,2.03,2.09,8284518
2/5/2016,2.06,2.075,1.98,1.98,7912421
2/8/2016,1.97,1.98,1.87,1.93,11581740
2/9/2016,1.89,1.995,1.85,1.9,14991010
2/10/2016,1.92,1.98,1.83,1.84,9466004
2/11/2016,1.82,1.94,1.81,1.86,7858282
2/12/2016,1.89,1.91,1.82,1.83,9936910
2/16/2016,1.86,1.9,1.82,1.83,11851210
2/17/2016,1.85,1.94,1.85,1.9,13765170
2/18/2016,1.93,1.98,1.9,1.91,10804010
2/19/2016,1.93,1.93,1.83,1.91,7784114
2/22/2016,1.94,2.04,1.925,2.01,9893691
2/23/2016,2.04,2.06,1.97,1.97,6709579
2/24/2016,1.98,2.04,1.93,2.02,6906231
2/25/2016,2.02,2.04,1.98,2.03,5614299
2/26/2016,2.04,2.1,2.03,2.07,7911456
2/29/2016,2.06,2.15,2.05,2.14,11400320
3/1/2016,2.16,2.2,2.12,2.18,9009785
3/2/2016,2.2,2.33,2.18,2.32,10843670
3/3/2016,2.32,2.55,2.295,2.46,22082140
3/4/2016,2.42,2.5,2.34,2.37,15431290
3/7/2016,2.36,2.47,2.36,2.47,8794854
3/8/2016,2.44,2.46,2.3,2.3,10018100
3/9/2016,2.32,2.35,2.2,2.26,13076610
3/10/2016,2.29,2.31,2.15,2.26,9622544
3/11/2016,2.29,2.54,2.29,2.52,21362570
3/14/2016,2.53,2.75,2.5,2.72,33838770
3/15/2016,2.67,2.69,2.45,2.49,21564540
3/16/2016,2.5,2.64,2.49,2.63,12850070
3/17/2016,2.77,2.81,2.7,2.8,28999640
3/18/2016,2.8,2.93,2.77,2.93,26303210
3/21/2016,2.9,2.9,2.75,2.8,13448710
3/22/2016,2.73,2.85,2.71,2.79,10315300
3/23/2016,2.8,2.825,2.68,2.68,10161830
3/24/2016,2.69,2.81,2.62,2.79,10035960
3/28/2016,2.81,2.84,2.73,2.78,7683731
3/29/2016,2.74,2.88,2.7,2.86,13611540
3/30/2016,2.88,2.98,2.85,2.86,14945710
3/31/2016,2.84,2.88,2.8,2.85,9068395
4/1/2016,2.79,2.88,2.76,2.83,8257526
4/4/2016,2.83,2.87,2.8,2.83,5591035
4/5/2016,2.76,2.84,2.72,2.76,9638433
4/6/2016,2.75,2.8,2.72,2.8,12532990
4/7/2016,2.76,2.83,2.61,2.64,13403710
4/8/2016,2.7,2.76,2.68,2.74,8483296
4/11/2016,2.76,2.82,2.74,2.76,9031849
4/12/2016,2.79,2.85,2.76,2.81,16117070
4/13/2016,2.78,2.82,2.73,2.8,8047970
4/14/2016,2.77,2.79,2.7,2.72,8979330
4/15/2016,2.72,2.75,2.68,2.7,7485518
4/18/2016,2.67,2.8,2.65,2.76,8935556
4/19/2016,2.78,2.78,2.61,2.62,11701290
4/20/2016,2.62,2.72,2.61,2.7,7914238
4/21/2016,2.65,2.7,2.6,2.62,13457330
4/22/2016,3.19,3.99,3.18,3.99,143087900
4/25/2016,3.81,3.82,3.31,3.45,80580780
4/26/2016,3.45,3.75,3.44,3.66,36265690
4/27/2016,3.55,3.75,3.53,3.73,24123980
4/28/2016,3.69,3.8,3.6,3.61,20173350
4/29/2016,3.69,3.69,3.45,3.55,17712050
5/2/2016,3.58,3.75,3.57,3.74,16966920
5/3/2016,3.7,3.71,3.58,3.6,13781440
5/4/2016,3.54,3.67,3.54,3.6,8687477
5/5/2016,3.64,3.8,3.605,3.66,21529470
5/6/2016,3.65,3.75,3.64,3.68,11838240
5/9/2016,3.66,3.68,3.45,3.65,16299370
5/10/2016,3.66,3.68,3.56,3.64,9413073
5/11/2016,3.61,3.68,3.6,3.65,7537126
5/12/2016,3.65,3.68,3.55,3.59,9236210
5/13/2016,3.56,3.73,3.55,3.67,16468240
5/16/2016,3.67,3.85,3.65,3.79,14703790
5/17/2016,3.8,3.98,3.69,3.79,20065840
5/18/2016,3.79,3.97,3.77,3.84,19504420
5/19/2016,3.83,3.85,3.69,3.77,17624020
5/20/2016,3.83,3.9,3.81,3.87,13774400
5/23/2016,3.9,4.2,3.88,4.04,35454680
5/24/2016,4.09,4.21,3.92,4.2,34265660
5/25/2016,4.24,4.35,4.15,4.18,24718920
5/26/2016,4.19,4.38,4.17,4.35,22614570
5/27/2016,4.39,4.63,4.37,4.6,34394040
5/31/2016,4.67,4.71,4.5,4.57,25316020
6/1/2016,4.6,4.64,4.38,4.43,29675440
6/2/2016,4.37,4.4,4.07,4.24,35324690
6/3/2016,4.16,4.2,4.08,4.16,17554780
6/6/2016,4.2,4.51,4.17,4.47,21301450
6/7/2016,4.56,4.67,4.47,4.51,20598900
6/8/2016,4.54,4.56,4.38,4.46,16064990
6/9/2016,4.41,4.54,4.315,4.52,16218510
6/10/2016,4.4,4.47,4.3,4.32,15091610
6/13/2016,4.32,4.48,4.32,4.4,13535210
6/14/2016,4.4,4.51,4.33,4.39,16748840
6/15/2016,4.44,4.48,4.3,4.42,11574240
6/16/2016,4.5,4.75,4.455,4.75,34162050
6/17/2016,4.75,5.27,4.68,5.26,64877400
6/20/2016,5.39,5.45,5.09,5.1,43523000
6/21/2016,5.1,5.5,5.09,5.45,35828650
6/22/2016,5.46,5.52,4.96,5.02,47909030
6/23/2016,5.17,5.26,5.05,5.21,29082970
6/24/2016,4.82,5.0675,4.76,4.88,36694080
6/27/2016,4.88,5.05,4.65,4.72,31105750
6/28/2016,4.95,5.185,4.91,5.12,29160390
6/29/2016,5.31,5.4,5.1,5.13,33081670
6/30/2016,5.13,5.19,4.95,5.14,26091260
7/1/2016,5.09,5.14,5,5.07,18200080
7/5/2016,5.03,5.05,4.875,4.96,16327740
7/6/2016,4.91,5.11,4.9,5.04,19388990
7/7/2016,5.07,5.1,4.94,5.02,15772980
7/8/2016,4.84,5.15,4.82,5.1,28117990
7/11/2016,5.13,5.19,5,5.01,21009260
7/12/2016,5.01,5.17,5.01,5.14,20823380
7/13/2016,5.14,5.19,5.04,5.09,13987340
7/14/2016,5.15,5.235,5.06,5.17,20038890
7/15/2016,5.2,5.2,5.1,5.14,14169150
7/18/2016,5.19,5.57,5.13,5.51,38589410
7/19/2016,5.5,5.55,5.34,5.41,23418010
7/20/2016,5.48,5.5,5.4,5.41,20097130
7/21/2016,5.43,5.45,5.1,5.22,39520180
7/22/2016,5.73,5.97,5.45,5.84,101819500
7/25/2016,5.93,6.95,5.92,6.7,118273300
7/26/2016,6.76,7.1599,6.71,6.98,81172410
7/27/2016,6.93,6.98,6.68,6.85,38538500
7/28/2016,6.79,6.98,6.735,6.82,27498120
7/29/2016,6.88,6.96,6.75,6.86,22576780
8/1/2016,6.89,6.92,6.57,6.64,26702130
8/2/2016,6.56,6.6,6.15,6.26,40797280
8/3/2016,6.18,6.45,6.15,6.3,23789750
8/4/2016,6.39,6.61,6.37,6.47,22400200
8/5/2016,6.56,6.76,6.47,6.61,20155210
8/8/2016,6.7,6.85,6.65,6.68,21442770
8/9/2016,6.75,6.78,6.54,6.6,16761580
8/10/2016,6.35,6.58,6.25,6.49,29037190
8/11/2016,6.5,6.59,6.46,6.58,13140610
8/12/2016,6.6,6.79,6.55,6.73,25464680
8/15/2016,6.79,6.97,6.78,6.95,28330880
8/16/2016,6.94,6.94,6.65,6.78,26737720
8/17/2016,6.7,6.75,6.61,6.68,13785060
8/18/2016,6.74,7.07,6.725,7.04,30704860
8/19/2016,7.24,8,7.22,7.62,75059970
8/22/2016,7.83,7.95,7.37,7.58,41461470
8/23/2016,7.66,7.74,7.53,7.67,27523800
8/24/2016,7.67,7.67,7.37,7.43,22909510
8/25/2016,7.49,7.49,7.2,7.465,16407060
8/26/2016,7.49,7.8,7.46,7.67,31351740
8/29/2016,7.72,7.79,7.57,7.59,16909330
8/30/2016,7.61,7.64,7.41,7.49,16062950
8/31/2016,7.52,7.52,7.28,7.4,18344870
9/1/2016,7.18,7.44,7.09,7.35,22275730
9/2/2016,7.49,7.64,7.38,7.51,18533130
9/6/2016,7.56,7.6,7.25,7.34,24803060
9/7/2016,7.05,7.07,6.78,6.84,57654100
9/8/2016,6.64,6.65,6.15,6.225,90734570
9/9/2016,6.23,6.24,5.85,5.9,170721100
9/12/2016,5.83,6.065,5.77,5.94,77967340
9/13/2016,5.92,5.95,5.66,5.74,50735660
9/14/2016,5.75,6.0766,5.75,6.04,64274840
9/15/2016,6.09,6.2,5.95,6.02,52713100
9/16/2016,6.22,6.22,5.97,6.05,47800180
9/19/2016,6.12,6.275,6.08,6.16,37833450
9/20/2016,6.23,6.28,6.12,6.17,28983770
9/21/2016,6.2,6.32,6.14,6.29,33436400
9/22/2016,6.35,6.44,6.33,6.37,35800090
9/23/2016,6.31,6.65,6.31,6.55,60987860
9/26/2016,6.54,6.54,6.31,6.32,29859870
9/27/2016,6.45,6.58,6.29,6.54,30026660
9/28/2016,6.57,6.65,6.48,6.59,27866950
9/29/2016,6.57,6.73,6.54,6.67,30632580
9/30/2016,6.7,7.04,6.7,6.91,47445680
10/3/2016,6.95,7.15,6.87,6.95,30439500
10/4/2016,7,7.09,6.89,6.97,25745810
10/5/2016,6.97,7.01,6.7,6.78,31212740
10/6/2016,6.72,6.98,6.63,6.96,27049420
10/7/2016,6.92,6.96,6.62,6.75,33050370
10/10/2016,6.82,6.94,6.8,6.84,13766940
10/11/2016,6.8,6.84,6.38,6.5,32469660
10/12/2016,6.64,6.77,6.42,6.62,33575940
10/13/2016,6.5,6.54,6.24,6.49,30396980
10/14/2016,6.92,7.12,6.74,6.75,66892790
10/17/2016,6.92,6.97,6.64,6.67,24204010
10/18/2016,6.76,6.89,6.69,6.73,25179670
10/19/2016,6.7,6.8,6.57,6.77,29364320
10/20/2016,6.81,6.98,6.77,6.96,63892740
10/21/2016,6.5,6.65,6.37,6.52,64204350
10/24/2016,6.57,7.01,6.54,7.005,52974070
10/25/2016,6.9,7.5,6.87,7.5,78807250
10/26/2016,7.4,7.48,7.26,7.29,47599440
10/27/2016,7.44,7.46,7.1,7.11,37679300
10/28/2016,7.1,7.53,7.02,7.2,77242520
10/31/2016,7.24,7.46,7.2,7.23,42324890
11/1/2016,7.32,7.425,6.92,7.09,39879990
11/2/2016,7.03,7.055,6.67,6.76,33787100
11/3/2016,6.78,6.79,6.56,6.7,33643860
11/4/2016,6.69,6.72,6.46,6.56,32194920
11/7/2016,6.79,6.99,6.76,6.96,36971240
11/8/2016,6.85,7.18,6.75,7,37610130
11/9/2016,6.7,7.05,6.64,6.94,38472230
11/10/2016,6.82,6.91,6.22,6.295,71563110
11/11/2016,6.64,6.69,6.47,6.685,39482720
11/14/2016,6.83,6.84,6.61,6.79,29579310
11/15/2016,6.82,7.08,6.79,6.97,28829650
11/16/2016,7.09,7.75,7.07,7.67,78023390
11/17/2016,7.79,8.77,7.77,8.46,124134000
11/18/2016,8.68,8.83,8.4,8.71,62296240
11/21/2016,8.87,9.22,8.86,8.94,65516810
11/22/2016,9.05,9.06,8.54,8.69,71173480
11/23/2016,8.72,8.86,8.5,8.8,34598200
11/25/2016,8.8,8.91,8.69,8.77,14214120
11/28/2016,8.72,8.98,8.72,8.83,25742810
11/29/2016,9,9.23,8.85,8.93,54755520
11/30/2016,9.02,9.12,8.9,8.91,36459680
12/1/2016,8.92,9.03,8.26,8.39,56570720
12/2/2016,8.38,8.74,8.38,8.53,42360750
12/5/2016,8.69,8.71,8.45,8.68,31381360
12/6/2016,8.95,9.54,8.82,9.45,92134400
12/7/2016,9.65,9.79,9.24,9.56,54850990
12/8/2016,9.9,10.66,9.8,10.34,104504900
12/9/2016,10.38,10.54,9.87,10.34,60536690
12/12/2016,10.4,10.93,10.38,10.68,63255660
12/13/2016,10.75,10.8,10.4,10.54,46660430
12/14/2016,10.43,10.74,10.27,10.55,46878230
12/15/2016,10.68,10.93,10.64,10.86,48842780
12/16/2016,10.94,11.23,10.595,10.66,77525980
12/19/2016,10.81,11,10.52,10.95,45999390
12/20/2016,11.19,11.51,11.15,11.51,59184180
12/21/2016,11.61,11.72,11.31,11.47,44688380
12/22/2016,11.65,11.75,11.47,11.6,36015540
12/23/2016,11.3,11.6,11.26,11.58,32232730
12/27/2016,11.65,12.08,11.6,12.07,44168130
12/28/2016,12.28,12.42,11.46,11.55,71072640
12/29/2016,11.24,11.62,11.01,11.59,50180310
12/30/2016,11.7,11.78,11.25,11.34,44033460
1/3/2017,11.42,11.65,11.02,11.43,55114820
1/4/2017,11.45,11.5204,11.235,11.43,40742680
1/5/2017,11.43,11.69,11.23,11.24,38777380
1/6/2017,11.29,11.49,11.11,11.32,34437560
1/9/2017,11.37,11.64,11.31,11.49,37215840
1/10/2017,11.55,11.63,11.33,11.44,29122540
1/11/2017,11.39,11.41,11.15,11.2,39337330
1/12/2017,10.98,11.0376,10.33,10.76,75178900
1/13/2017,10.79,10.87,10.56,10.58,38344340
1/17/2017,10.17,10.23,9.78,9.82,70388000
1/18/2017,9.54,10.1,9.42,9.88,51705580
1/19/2017,9.92,10.25,9.75,9.77,46087250
1/20/2017,9.88,9.96,9.67,9.75,27936610
1/23/2017,9.68,10.06,9.68,9.91,27848180
1/24/2017,9.95,10.49,9.95,10.44,43858900
1/25/2017,10.74,10.975,10.15,10.35,61800440
1/26/2017,10.35,10.66,10.3,10.52,35779140
1/27/2017,10.6,10.73,10.52,10.67,32563480
1/30/2017,10.62,10.68,10.3,10.61,37648430
1/31/2017,10.6,10.67,10.22,10.37,51993490
2/1/2017,10.9,12.14,10.81,12.06,165784500
2/2/2017,11.98,12.66,11.95,12.28,116246800
2/3/2017,12.37,12.5,12.04,12.24,59981710
2/6/2017,12.46,13.7,12.38,13.63,139921700
2/7/2017,14.05,14.27,13.06,13.29,158507200
2/8/2017,13.21,13.75,13.08,13.56,75894880
2/9/2017,13.78,13.89,13.4,13.42,72826820
2/10/2017,13.86,13.86,13.25,13.58,54522240
2/13/2017,13.7,13.95,13.38,13.49,57231080
2/14/2017,13.43,13.49,13.19,13.26,40436710
2/15/2017,13.2,13.44,13.15,13.3,33655580
2/16/2017,13.25,13.35,12.84,12.97,52403840
2/17/2017,12.79,13.14,12.6,13.13,40831730
2/21/2017,13.41,14.1,13.4,14,66250920
2/22/2017,14.3,14.5,14.04,14.28,71394390
2/23/2017,14.2,14.45,13.82,14.32,79900450
2/24/2017,14,14.32,13.86,14.12,46130900
2/27/2017,14.27,15.35,14.27,15.2,95126330
2/28/2017,15.45,15.55,14.35,14.46,141638700
3/1/2017,15.08,15.09,14.52,14.96,73311380
3/2/2017,14.59,14.78,13.87,13.9,103970100
3/3/2017,13.55,13.58,12.79,13.03,163489100
3/6/2017,13,13.34,12.38,13.04,117044000
3/7/2017,13.07,13.37,12.79,13.05,76518390
3/8/2017,13.25,13.55,13.1,13.22,71231410
3/9/2017,13.45,13.45,13.11,13.33,45122590
3/10/2017,13.5,13.93,13.45,13.91,62426240
3/13/2017,14.475,14.68,14.18,14.28,72917550
3/14/2017,14,14.15,13.6401,14.1,52355490
3/15/2017,14.03,14.06,13.62,13.98,55070770
3/16/2017,13.79,13.88,13.65,13.65,44356700
3/17/2017,13.62,13.74,13.36,13.49,224761700
3/20/2017,13.68,14.5,13.54,14.4,91009110
3/21/2017,14.4,14.49,13.78,13.82,72373080
3/22/2017,13.7,14.145,13.55,14.1,61120500
3/23/2017,13.96,14.115,13.77,13.79,44402540
3/24/2017,14.16,14.18,13.54,13.7,50022400
3/27/2017,13.35,13.78,13.21,13.7,42560780
3/28/2017,13.75,13.86,13.55,13.69,37108080
3/29/2017,13.74,13.87,13.63,13.71,37822400
3/30/2017,13.73,14.05,13.65,14.05,43964720
3/31/2017,14.1,14.75,14.01,14.55,84480730
4/3/2017,14.6,14.74,14.3,14.64,48320200
4/4/2017,14.31,14.67,14.03,14.16,58271440
4/5/2017,14.28,14.64,14.1,14.17,58675610
4/6/2017,13.42,13.46,12.83,13.27,139236400
4/7/2017,13.33,13.68,13.22,13.52,70362040
4/10/2017,13.52,13.59,13.04,13.1,47083720
4/11/2017,13.02,13.29,12.71,13.1,59818640
4/12/2017,12.94,13.1,12.74,12.76,37200530
4/13/2017,12.505,12.72,12.22,12.31,53325260
4/17/2017,12.53,12.8,12.37,12.79,38093970
4/18/2017,12.63,12.97,12.58,12.95,37128380
4/19/2017,13.09,13.205,12.8,12.84,36252160
4/20/2017,12.98,13.15,12.88,13.11,41939040
4/21/2017,13.08,13.12,12.9,13,25516800
4/24/2017,13.23,13.23,13.045,13.13,36090980
4/25/2017,13.24,13.525,13.16,13.49,35795170
4/26/2017,13.42,13.53,13.22,13.41,36606250
4/27/2017,13.43,13.7,13.37,13.62,31123270
4/28/2017,13.73,13.755,13.16,13.3,50248290
5/1/2017,13.43,13.63,13.25,13.62,63863980
5/2/2017,11.73,11.76,10.3,10.32,267432900
5/3/2017,10.29,10.68,9.85,10.39,140835000
5/4/2017,10.55,10.55,9.94,10.1,76962220
5/5/2017,10.13,10.26,9.94,10.19,51704530
5/8/2017,10.22,10.22,10,10.04,35068930
5/9/2017,10.04,10.4,10.04,10.18,49726280
5/10/2017,10.455,10.85,10.45,10.79,65893570
5/11/2017,10.74,11.26,10.51,11.07,72878010
5/12/2017,11.2,11.4,11.08,11.26,55993720
5/15/2017,11.41,11.6,11.3,11.42,52468570
5/16/2017,11.66,12.77,11.63,12.75,160810600
5/17/2017,11.81,12.2855,11.16,11.2,159885600
5/18/2017,10.99,11.49,10.81,11.275,86807510
5/19/2017,11.47,11.62,11.35,11.41,50232860
5/22/2017,11.49,11.55,10.77,11.04,78616820
5/23/2017,10.97,11.055,10.62,10.89,49703970
5/24/2017,11.05,11.06,10.71,10.89,42949280
5/25/2017,11.01,11.01,10.8,10.98,33492590
5/26/2017,10.85,11.02,10.74,11,31853380
5/30/2017,10.95,11.27,10.9,11.12,35269030
5/31/2017,11.29,11.49,11.1,11.19,42903690
6/1/2017,11.25,11.285,10.81,10.93,47931740
6/2/2017,10.93,10.96,10.565,10.9,43009550
6/5/2017,10.84,11.34,10.8,11.24,66145900
6/6/2017,11.27,12.24,11.24,12.03,114578700
6/7/2017,12.42,12.96,12.2348,12.38,150667100
6/8/2017,12.81,12.91,12.4,12.9,89209870
6/9/2017,13.1,13.4,11.63,12.28,167229800
6/12/2017,11.75,12.35,11.27,12.09,125590800
6/13/2017,12.33,12.48,11.67,11.96,87162690
6/14/2017,11.91,12.05,11.65,11.77,51670440
6/15/2017,11.34,11.58,11.21,11.5,61368550
6/16/2017,11.66,11.83,11.28,11.44,59671780
6/19/2017,11.63,12.12,11.62,11.93,61620470
6/20/2017,12.19,12.93,12.18,12.64,117641600
6/21/2017,13.36,14.01,13.13,13.98,188263500
6/22/2017,14.1,14.5,13.56,14.38,149051300
6/23/2017,14.15,14.67,13.9,14.17,200262900
6/26/2017,14.39,14.49,13.84,14.08,100449300
6/27/2017,13.76,14.04,13.37,13.4,89113140
6/28/2017,13.65,13.7,13.09,13.23,84962280
6/29/2017,13.06,13.15,12.45,12.6,87268080
6/30/2017,12.57,12.83,12.36,12.48,59175870
7/3/2017,12.57,12.73,12.13,12.15,39929100
7/5/2017,12.36,13.21,12.32,13.19,99157210
7/6/2017,12.94,13.32,12.665,13.02,88800030
7/7/2017,13.27,13.745,13.18,13.36,88121390
7/10/2017,13.61,13.88,13.27,13.81,78224060
7/11/2017,13.77,14.099,13.62,13.89,70990560
7/12/2017,14.17,14.39,13.96,14.29,78290100
7/13/2017,14.33,14.49,13.43,13.53,111407400
7/14/2017,13.46,13.93,13.32,13.92,82000300
7/17/2017,14.03,14.12,13.51,13.8,71634170
7/18/2017,13.29,13.53,13.15,13.48,78173280
7/19/2017,13.62,13.74,13.41,13.55,51850750
7/20/2017,13.61,13.89,13.45,13.8,47504460
7/21/2017,13.7,14.05,13.62,13.88,50971930
7/24/2017,14,14.44,13.97,14.16,70752040
7/25/2017,14.29,14.32,13.87,14.11,92517550
7/26/2017,15.13,15.65,14.4,14.76,235590000
7/27/2017,14.99,15.04,13.7,14.12,130072800
7/28/2017,13.845,14.1,13.68,13.95,66561270
7/31/2017,14.09,14.22,13.47,13.61,68989860
8/1/2017,13.72,13.86,13.45,13.71,48878440
8/2/2017,13.81,13.93,13.12,13.37,67313440
8/3/2017,13.42,13.52,13.08,13.24,52390000
8/4/2017,13.2,13.36,13.02,13.12,64084020
8/7/2017,13.33,13.57,13.27,13.43,57354860
8/8/2017,13.48,13.55,13.08,13.11,46944630
8/9/2017,12.76,12.89,12.54,12.83,58777060
8/10/2017,12.7,12.92,12.11,12.12,82513300
8/11/2017,12.04,12.39,11.88,12.23,63432560
8/14/2017,12.58,12.845,12.58,12.76,64296850
8/15/2017,13.01,13.14,12.75,13.02,57802470
8/16/2017,13.17,13.19,12.52,12.63,64491210
8/17/2017,12.46,12.65,12.32,12.34,47219890
8/18/2017,12.43,12.555,12.25,12.37,37456460
8/21/2017,12.42,12.42,11.86,12.05,58786300
8/22/2017,12.2,12.33,12.1,12.17,38946780
8/23/2017,12,12.535,11.95,12.48,44193270
8/24/2017,12.69,12.71,12.39,12.5,37161680
8/25/2017,12.51,12.57,12.25,12.43,29650370
8/28/2017,12.53,12.55,12.16,12.23,35326790
8/29/2017,12,12.18,11.93,12.15,33500250
8/30/2017,12.19,12.68,12.16,12.67,43798290
8/31/2017,12.82,13.16,12.79,13,51532900
9/1/2017,13.12,13.485,13.04,13.19,53073420
9/5/2017,12.88,13.18,12.65,12.92,51472280
9/6/2017,13.02,13.08,12.75,12.86,33989840
9/7/2017,12.84,12.94,12.6,12.63,35711620
9/8/2017,12.571,12.61,12.035,12.25,60714580
9/11/2017,12.46,12.74,12.4001,12.55,43183050
9/12/2017,12.66,12.68,12.213,12.3,54305240
9/13/2017,12.22,12.36,12.12,12.22,37098230
9/14/2017,12.15,12.46,12.11,12.26,37006760
9/15/2017,12.33,12.66,12.31,12.52,50200410
9/18/2017,12.77,13.3,12.74,13.08,83040320
9/19/2017,13.25,13.29,12.88,13.12,65299220
9/20/2017,13.07,13.8,12.8,13.74,96500450
9/21/2017,14,14.24,13.32,13.41,166270300
9/22/2017,13.2,13.4,13.12,13.3,50224570
9/25/2017,13.25,13.28,12.49,12.61,83880060
9/26/2017,12.85,12.93,12.43,12.45,68107920
9/27/2017,12.65,12.87,12.5,12.74,59777410
9/28/2017,12.76,12.84,12.55,12.74,35744970
9/29/2017,12.765,12.82,12.6,12.75,33723630
10/2/2017,12.8,12.85,12.62,12.71,34399110
10/3/2017,12.73,13.48,12.7,13.42,84929460
10/4/2017,13.31,13.5,13.15,13.31,42164720
10/5/2017,13.38,13.46,13.21,13.34,34590210
10/6/2017,13.22,13.39,13.18,13.23,28107190
10/9/2017,13.26,13.83,13.26,13.47,53875890
10/10/2017,13.72,13.79,13.44,13.7,43200630
10/11/2017,13.62,13.96,13.61,13.88,38481230
10/12/2017,13.85,14.37,13.81,14.2,69522200
10/13/2017,14.32,14.41,14.12,14.22,37315850
10/16/2017,14.25,14.35,14.12,14.26,34063350
10/17/2017,14.24,14.345,14.135,14.16,28891590
10/18/2017,14.2,14.279,13.76,14.07,38941260
10/19/2017,13.85,14.04,13.69,13.95,33721630
10/20/2017,14.03,14.09,13.8,13.81,32448020
10/23/2017,13.94,14.19,13.8999,14.1,49695740
10/24/2017,14.2,14.36,14.15,14.25,78891200
10/25/2017,12.95,13.13,12.29,12.33,166405700
10/26/2017,12.45,12.46,12,12.005,87296580
10/27/2017,12.17,12.19,11.35,11.84,115511000
10/30/2017,11.255,11.42,10.65,10.89,137433400
10/31/2017,10.76,11.31,10.69,10.985,78475980
11/1/2017,11.25,11.29,10.72,10.8,66738370
11/2/2017,10.87,10.99,10.66,10.85,47849240
11/3/2017,10.95,11.13,10.82,11.12,44158040
11/6/2017,12.04,12.09,11.64,11.93,96003560
11/7/2017,11.94,12.27,11.92,12.05,67768030
11/8/2017,11.94,11.95,11.51,11.71,58724490
11/9/2017,11.25,11.35,11.03,11.12,76527680
11/10/2017,11.22,11.43,11.115,11.26,50138710
11/13/2017,11.18,11.2,10.92,11.09,54003220
11/14/2017,11.03,11.26,11,11.12,37195820
11/15/2017,11.01,11.13,10.77,11.07,33422450
11/16/2017,11.13,11.32,11.13,11.25,31743120
11/17/2017,11.3,11.75,11.28,11.38,56706930
11/20/2017,11.47,11.505,11.19,11.34,35873840
11/21/2017,11.421,11.49,11.24,11.4,31799300
11/22/2017,11.41,11.49,11.3,11.37,23784300
11/24/2017,11.38,11.42,11.3,11.38,11035760
11/27/2017,11.34,11.74,11.3358,11.55,41766090
11/28/2017,11.45,11.54,11,11.17,65215400
11/29/2017,11.08,11.17,10.73,10.83,63241920
11/30/2017,10.87,11.03,10.76,10.89,43105690
12/1/2017,10.81,10.97,10.53,10.73,42079680
12/4/2017,10.85,10.86,9.82,10.03,97133350
12/5/2017,9.89,10.34,9.7,9.91,67167770
12/6/2017,9.9,10.05,9.71,10,38592990
12/7/2017,10.071,10.19,9.95,10.04,32532050
12/8/2017,10.15,10.2,9.92,9.94,34834780
12/11/2017,9.97,10.16,9.96,10.16,29898330
12/12/2017,10.13,10.14,9.88,9.9,36120990
12/13/2017,9.97,10.21,9.95,10.11,41379990
12/14/2017,10.1,10.17,9.96,10.13,28970230
12/15/2017,10.13,10.32,10.02,10.29,45424770
12/18/2017,10.6,11,10.51,10.98,63690700
12/19/2017,11,11.19,10.87,10.95,43674640
12/20/2017,11.1,11.18,10.8,10.98,31370190
12/21/2017,10.98,11.0793,10.87,10.89,21839960
12/22/2017,10.75,10.77,10.2,10.54,50679050
12/26/2017,10.38,10.579,10.34,10.46,20411300
12/27/2017,10.45,10.74,10.4,10.53,22851820
12/28/2017,10.57,10.64,10.43,10.55,18542550
12/29/2017,10.57,10.58,10.27,10.28,26607910
1/2/2018,10.42,11.02,10.34,10.98,43830470
1/3/2018,11.61,12.14,11.36,11.55,153162800
1/4/2018,12.095,12.43,11.97,12.12,109288400
1/5/2018,12.19,12.22,11.66,11.88,63635850
1/8/2018,12.01,12.3,11.85,12.28,63143340
1/9/2018,12,12.02,11.71,11.82,62426620
1/10/2018,11.63,12.15,11.56,11.96,52335790
1/11/2018,12.07,12.19,11.9001,12.14,37051170
1/12/2018,11.82,12.07,11.8,12.02,46991180
1/16/2018,12.05,12.2,11.8,11.91,41879890
1/17/2018,11.9,12.19,11.82,12.18,38917310
1/18/2018,12.18,12.68,12.15,12.47,62003200
1/19/2018,12.56,12.88,12.54,12.59,46279510
1/22/2018,12.61,12.74,12.37,12.65,34649300
1/23/2018,12.82,12.995,12.76,12.94,46348240
1/24/2018,13.02,13.05,12.6,12.71,41857520
1/25/2018,12.78,12.94,12.32,12.41,42555860
1/26/2018,12.7,12.95,12.62,12.95,43709320
1/29/2018,13.13,13.47,13.05,13.32,66232190
1/30/2018,13.12,13.27,12.69,12.87,87660690
1/31/2018,13.24,13.85,13.15,13.74,140571100
2/1/2018,13.62,13.84,13.21,13.25,67171010
2/2/2018,13.05,13.06,12.43,12.45,79195600
2/5/2018,12.05,12.18,10.93,11.57,116095400
2/6/2018,11.04,11.74,11,11.65,86285130
2/7/2018,11.7,11.9,11.53,11.6,55582730
2/8/2018,11.72,11.85,11.21,11.22,56168660
2/9/2018,11.54,11.57,10.63,11.31,85316260
2/12/2018,11.47,11.8,11.43,11.68,62932090
2/13/2018,11.6,11.82,11.53,11.78,32379740
2/14/2018,11.72,12.31,11.63,12.2,51695890
2/15/2018,12.4,12.625,12.07,12.19,57714520
2/16/2018,12.11,12.225,11.82,11.82,47240490
2/20/2018,11.72,12.19,11.71,12.02,46848120
2/21/2018,12.12,12.12,11.72,11.72,40069650
2/22/2018,11.82,11.995,11.63,11.84,37824310
2/23/2018,11.95,12.16,11.94,12.07,33161500
2/26/2018,12.14,12.43,12.05,12.42,42103360
2/27/2018,12.43,12.88,12.39,12.53,55817200
2/28/2018,12.66,12.73,12.1,12.11,43293160
3/1/2018,12.26,12.27,11.66,11.9,62981050
3/2/2018,11.67,11.93,11.43,11.81,57956290
3/5/2018,11.69,12.055,11.61,11.91,43673270
3/6/2018,12.01,12.045,11.71,11.76,45831700
3/7/2018,11.58,12.82,11.55,12.24,127314100
3/8/2018,12.395,12.59,11.74,11.97,75963420
3/9/2018,12.03,12.0392,11.58,11.7,89440590
3/12/2018,11.76,11.82,11.48,11.52,83545210
3/13/2018,11.5,12.035,11.095,11.64,174114400
3/14/2018,11.7,11.72,11.26,11.36,80209850
3/15/2018,11.43,11.55,11.19,11.46,63112840
3/16/2018,11.49,11.55,11.32,11.47,37538020
3/19/2018,11.41,11.74,11.351,11.43,53221710
3/20/2018,11.41,11.52,11,11.11,64888650
3/21/2018,11.16,11.34,11.11,11.26,44650310
3/22/2018,11.1,11.26,10.85,10.91,59811510
3/23/2018,10.91,10.97,10.57,10.63,54759180
3/26/2018,10.71,10.8,10.18,10.44,75688790
3/27/2018,10.51,10.59,9.9,10,68458540
3/28/2018,9.99,10.1689,9.79,9.81,64698640
3/29/2018,9.94,10.08,9.81,10.05,48585690
4/2/2018,9.99,10.14,9.51,9.53,64737130
4/3/2018,9.63,9.77,9.3,9.55,54856380
4/4/2018,9.08,9.81,9.04,9.77,67067670
4/5/2018,10.05,10.2,9.91,10.02,65373470
4/6/2018,9.83,10.1,9.5,9.61,51021630
4/9/2018,9.75,9.84,9.52,9.53,38237650
4/10/2018,9.75,10.04,9.71,9.98,42889140
4/11/2018,9.87,10.03,9.79,9.82,28994160
4/12/2018,9.98,10.1,9.82,10.08,47715150
4/13/2018,10.2,10.22,9.88,9.93,38889900
4/16/2018,10,10.17,9.9,10.09,28771670
4/17/2018,10.28,10.53,10.2,10.52,45204700
4/18/2018,10.51,10.65,10.33,10.36,42247940
4/19/2018,10.18,10.3284,9.99,10.11,57742160
4/20/2018,10.05,10.14,9.95,9.99,38868090
4/23/2018,10.09,10.19,9.97,10.04,42906640
4/24/2018,10.19,10.35,9.95,10.09,44886420
4/25/2018,10.06,10.09,9.56,9.71,85940620
4/26/2018,10.87,11.19,10.61,11.04,144894800
4/27/2018,11.2,11.36,11.02,11.11,74265930
4/30/2018,11.055,11.14,10.87,10.88,50529070
5/1/2018,10.83,11.15,10.77,11.13,43360090
5/2/2018,11.1,11.155,10.97,10.97,29193300
5/3/2018,10.902,11.06,10.83,10.93,33257430
5/4/2018,10.88,11.29,10.8701,11.28,47803850
5/7/2018,11.32,11.68,11.3,11.59,53940250
5/8/2018,11.49,11.66,11.4,11.61,35163600
5/9/2018,11.65,11.98,11.57,11.95,49500430
5/10/2018,11.98,12.18,11.95,12.13,49269010
5/11/2018,11.89,12.03,11.69,11.95,43841960
5/14/2018,12.14,12.36,12.11,12.23,50149830
5/15/2018,12.18,12.46,12.16,12.45,44074970
5/16/2018,12.64,12.98,12.62,12.82,73308040
5/17/2018,12.79,12.9,12.66,12.82,38051070
5/18/2018,13.06,13.26,12.91,13,53973530
5/21/2018,13.25,13.31,12.88,12.99,49530040
5/22/2018,13,13.14,12.71,12.98,43211680
5/23/2018,12.93,13.18,12.9,13.1,44440810
5/24/2018,13.06,13.43,13.03,13.41,47324440
5/25/2018,13.4,13.72,13.36,13.54,43797830
5/29/2018,13.45,13.63,13.26,13.36,39402110
5/30/2018,13.48,13.95,13.48,13.82,58109590
5/31/2018,13.74,13.93,13.69,13.73,46699110
6/1/2018,13.98,14.4,13.92,14.4,71452360
6/4/2018,14.76,14.98,14.52,14.85,74382450
6/5/2018,14.85,14.9185,14.63,14.85,56008480
6/6/2018,15.07,15.74,15.04,15.67,96957660
6/7/2018,15.83,15.97,14.85,14.89,99561050
6/8/2018,14.52,15.33,14.31,15.25,81834940
6/11/2018,15.21,15.89,15.01,15.73,80610500
6/12/2018,15.84,15.95,15.43,15.85,66691810
6/13/2018,15.81,16.52,15.78,16.32,89738020
6/14/2018,16.62,16.79,15.58,16.25,112862500
6/15/2018,16.06,16.52,15.82,16.34,77526520
6/18/2018,16.18,17.34,16.13,17.11,103906800
6/19/2018,16.85,17.29,16.31,16.69,92438260
6/20/2018,16.83,17.13,16.37,16.52,76161740
6/21/2018,16.65,16.87,15.46,15.65,95440270
6/22/2018,15.78,15.91,15.56,15.8,59200310
6/25/2018,15.64,15.74,14.54,15.11,94289130
6/26/2018,15.32,15.6,15.1,15.5,54113220
6/27/2018,15.65,15.76,14.96,14.97,55904660
6/28/2018,14.85,15.36,14.75,15.31,48655280
6/29/2018,15.41,15.49,14.98,14.99,41410390
7/2/2018,14.8,15.18,14.74,15.16,43311830
7/3/2018,15.21,15.34,14.96,15,32094030
7/5/2018,15.13,15.5,15.02,15.5,40538700
7/6/2018,15.52,16.39,15.48,16.36,65039470
7/9/2018,16.73,16.84,16.17,16.61,58455450
7/10/2018,16.59,16.65,16.31,16.55,36698850
7/11/2018,16.15,16.53,16.02,16.27,42439080
7/12/2018,16.41,16.79,16.38,16.56,44077820
7/13/2018,16.68,16.69,16.22,16.27,40607950
7/16/2018,16.42,17,16.41,16.58,64916850
7/17/2018,16.5,16.88,16.48,16.87,42185430
7/18/2018,16.94,16.99,16.55,16.85,40791720
7/19/2018,16.71,16.88,16.55,16.71,41147930
7/20/2018,16.66,16.88,16.44,16.5,42867630
7/23/2018,16.47,16.68,15.895,16.66,44866840
7/24/2018,16.75,16.86,16.11,16.19,58080570
7/25/2018,16.3,16.39,15.72,16.05,80578490
7/26/2018,17.16,18.45,16.83,18.35,190642900
7/27/2018,19.07,19.88,18.31,18.94,161643700
7/30/2018,19.4,20.18,19.31,19.42,160260900
7/31/2018,19.35,19.5,18.27,18.33,118105600
8/1/2018,18.34,18.95,18.32,18.48,75305700
8/2/2018,18.17,18.83,18,18.79,52758040
8/3/2018,18.94,19.0566,18.37,18.49,53062330
8/6/2018,18.89,19.44,18.46,19.43,83336110
8/7/2018,19.53,19.71,19.08,19.56,72507680
8/8/2018,19.46,19.77,19.255,19.58,51958490
8/9/2018,19.58,19.71,19.08,19.1,46385180
8/10/2018,19.09,19.48,18.85,19.06,65652850
8/13/2018,19.16,19.93,19.12,19.73,81226280
8/14/2018,19.97,20.28,19.63,20.02,88892330
8/15/2018,19.86,20.1,19.2,19.7,86157320
8/16/2018,19.86,20.07,19.25,19.33,69361230
8/17/2018,19.12,19.82,18.73,19.77,60507310
8/20/2018,19.79,20.08,19.35,19.98,62883850
8/21/2018,19.98,20.415,19.86,20.4,54828680
8/22/2018,20.28,20.92,20.21,20.9,61849990
8/23/2018,21.19,22.32,21.14,22.29,111741600
8/24/2018,22.91,24,22.67,23.98,163473500
8/27/2018,24.94,27.3,24.6261,25.26,323844500
8/28/2018,25.51,26.18,24.04,25.05,215300400
8/29/2018,24.36,25.41,24.01,25.2,142838100
8/30/2018,25.29,25.67,24.76,24.89,103310600
8/31/2018,24.89,25.24,24.72,25.17,65013800
9/4/2018,25.62,28.11,25.5675,28.06,191535000
9/5/2018,29.41,29.94,26.84,28.51,256903900
9/6/2018,28.12,28.58,27.19,27.84,143349900
9/7/2018,26.96,28.27,26.8,27.38,123108000
9/10/2018,28.15,29.925,27.84,29.89,161809900
9/11/2018,30.02,30.59,29.37,30.1,159043200
9/12/2018,29.91,32.29,29.45,32.21,196501400
9/13/2018,33.16,34.14,29.87,30.48,302743600
9/14/2018,31.43,33.09,30.54,32.72,217312000
9/17/2018,31.75,33.23,31.6,32.43,179847400
9/18/2018,32.99,33.37,31.2,31.93,176268000
9/19/2018,31.52,31.83,30.51,31.21,123939700
9/20/2018,32.1,32.2,30.64,31.18,122652200
9/21/2018,31.19,32.42,30.91,31.02,129260500
9/24/2018,31.13,32.65,30.91,32.61,117777200
9/25/2018,33.18,33.6,32.19,32.57,118275300
9/26/2018,32.4,32.6,31.72,32.19,79114970
9/27/2018,31.86,32.63,31.39,32.59,87619620
9/28/2018,32.24,32.78,29.98,30.89,165268800
10/1/2018,30.69,31.91,30.25,31.42,94623810
10/2/2018,30.73,30.82,28.65,29.02,144627000
10/3/2018,29.035,29.22,26.54,28.43,189940600
10/4/2018,27.99,28.83,27.37,27.78,95743030
10/5/2018,28.07,28.47,26.93,27.35,87541090
10/8/2018,26.73,27.54,25.96,26.46,103591300
10/9/2018,26.15,27.71,26,27.24,105135000
10/10/2018,27.38,27.4,24.91,25,146250000
10/11/2018,24.74,26.2,24.55,25.3,146516800
10/12/2018,26.77,26.9697,25.67,26.34,110862700
10/15/2018,26.38,26.77,25.75,26.26,70325660
10/16/2018,26.63,28.23,26.17,28.18,92170210
10/17/2018,28.41,28.53,26.9199,27.3,89300800
10/18/2018,27.08,27.75,26.4,26.62,79456530
10/19/2018,27.03,27.1,23.6,23.66,130523600
10/22/2018,24.46,25.64,24.0901,25.03,113831100
10/23/2018,24.18,25.26,23.85,25.09,101347900
10/24/2018,25.04,25.1,22.75,22.79,125703600
10/25/2018,17.92,20.15,17.72,19.27,188496800
10/26/2018,18.49,18.78,17.05,17.63,119447300
10/29/2018,18.21,18.23,16.27,16.85,94204080
10/30/2018,16.38,17.24,16.17,17.2,98693880
10/31/2018,17.87,18.34,17.12,18.21,110330500
11/1/2018,18.41,20.33,18.08,20.22,136010400
11/2/2018,20.59,21.06,19.47,20.23,123512800
11/5/2018,20.12,20.18,18.88,19.9,107776700
11/6/2018,19.5,21.65,19.48,20.68,144761700
11/7/2018,21.42,22.2235,21.07,21.84,120899500
11/8/2018,21.77,22.08,20.97,21.2,92265540
11/9/2018,20.77,21.19,20.11,21.03,85769210
11/12/2018,20.68,20.85,18.8,19.03,95665980
11/13/2018,19.28,20.02,18.97,19.61,75852920
11/14/2018,20.18,21.11,19.7599,20.81,106138800
11/15/2018,20.72,21.77,20.42,21.49,96460050
11/16/2018,19.87,20.97,19.72,20.66,112179200
11/19/2018,20.4,20.59,19.09,19.11,93169460
11/20/2018,17.4,19.58,17.18,19.21,109673200
11/21/2018,20.05,20.31,18.5,18.73,81455560
11/23/2018,18.61,19.83,18.56,19.38,54611300
11/26/2018,19.96,20.19,19.1101,20.08,82892900
11/27/2018,19.77,21.45,19.73,21.05,118771800
11/28/2018,21.82,21.88,20.18,21.34,134198200
11/29/2018,21.19,21.61,20.73,21.43,79662780
11/30/2018,21.3,21.36,20.52,21.3,82106130
12/3/2018,22.48,23.75,22.37,23.71,139093500
12/4/2018,23.35,23.42,21.07,21.12,127013600
12/6/2018,20.22,21.41,20.06,21.3,103133300
12/7/2018,21.3,21.3799,19.17,19.46,105527100
12/10/2018,19.35,20.13,19.27,19.99,77641220
12/11/2018,20.71,21.14,19.69,19.98,87817520
12/12/2018,20.32,21.02,19.71,20.48,100056400
12/13/2018,20.63,20.865,19.76,19.86,87940320
12/14/2018,19.58,20.7,19.52,19.9,84614800
12/17/2018,20.01,20.025,18.635,18.83,115048600
12/18/2018,19.15,19.84,18.88,19.5,101088300
12/19/2018,19.44,19.72,18,18.16,120303700
12/20/2018,18.11,18.86,17.34,17.94,119056000
12/21/2018,18.12,18.34,16.76,16.93,129562600
12/24/2018,16.52,17.2199,16.37,16.65,62933130
12/26/2018,16.88,17.91,16.03,17.9,108498500
12/27/2018,17.43,17.74,16.44,17.49,110853500
12/28/2018,17.53,18.31,17.135,17.82,108590900
12/31/2018,18.15,18.5101,17.85,18.46,84461870
1/2/2019,18.01,19,17.98,18.83,86497360
1/3/2019,18.42,18.68,16.94,17.05,117014500
1/4/2019,17.55,19.07,17.43,19,111510800
1/7/2019,19.44,20.68,19,20.57,106684100
1/8/2019,21.19,21.2,19.68,20.75,117593000
1/9/2019,20.89,21.44,20.07,20.19,163680500
1/10/2019,19.76,19.8342,18.9,19.74,115286200
1/11/2019,19.47,20.35,19.19,20.27,84972130
1/14/2019,19.96,20.62,19.75,20.23,71053050
1/15/2019,20.44,20.68,20.26,20.38,62548940
1/16/2019,20.4,20.54,19.71,19.73,70533680
1/17/2019,19.49,20.51,19.02,20.25,84502560
1/18/2019,20.37,21.05,20.02,20.77,87971230
1/22/2019,20.48,20.9199,19.7,19.76,78292580
1/23/2019,20.03,20.48,19.55,19.8,77542570
1/24/2019,20.06,21.01,20.04,20.85,96329090
1/25/2019,20.99,22.03,20.79,21.93,110161400
1/28/2019,20.315,21.01,20.02,20.18,134743600
1/29/2019,20.26,20.39,19.05,19.25,126418900
1/30/2019,21.49,23.13,21.37,23.09,210777100
1/31/2019,23.02,25.14,22.83,24.41,181877200
2/1/2019,24.61,24.84,24.065,24.51,105173100
2/4/2019,24.43,24.66,24.07,24.13,69846670
2/5/2019,23.42,23.86,22.98,23.31,121159200
2/6/2019,23.63,24.14,23.22,23.26,78457780
2/7/2019,22.99,23.22,22.32,22.67,86449170
2/8/2019,22.33,23.28,22.27,23.05,77101180
2/11/2019,23.05,23.2827,22.66,22.96,60387870
2/12/2019,23.43,23.56,22.75,22.82,67318410
2/13/2019,22.98,23.24,22.7138,22.85,57294230
2/14/2019,22.74,23.37,22.59,23.13,63934490
2/15/2019,23.58,24.05,23.2,23.68,78499180
2/19/2019,23.625,24.405,23.605,23.95,57323750
2/20/2019,24.14,24.37,23.9,23.95,56690950
2/21/2019,24.04,24.33,23.85,23.92,49488120
2/22/2019,24.05,24.36,23.88,24.36,52444420
2/25/2019,25.01,25.52,24.68,24.71,62932710
2/26/2019,24.65,24.72,24.15,24.21,44622530
2/27/2019,24.11,24.2299,23.21,23.48,62265120
2/28/2019,23.21,23.67,23.11,23.53,38578940
3/1/2019,23.97,24.19,23.45,23.68,45049370
3/4/2019,23.89,24.13,23.01,23.37,47986840
3/5/2019,23.34,23.68,23.01,23.5,35300270
3/6/2019,23.47,23.53,22.4,22.41,60328940
3/7/2019,22.33,22.4101,21.73,22.08,51971070
3/8/2019,21.35,22.085,21.035,22.01,49856070
3/11/2019,22.15,23.075,21.98,22.96,54114630
3/12/2019,23.1,23.795,22.78,23.49,56261330
3/13/2019,23.66,24.15,23.35,23.38,56399350
3/14/2019,23.37,23.49,22.8,22.82,42707330
3/15/2019,23.1,23.65,23.01,23.29,46445110
3/18/2019,23.3,23.62,23.04,23.25,34636110
3/19/2019,23.6,26.08,23.59,26,154214600
3/20/2019,26.49,26.88,25.31,25.7,150947000
3/21/2019,25.78,28.11,25.71,27.89,127895100
3/22/2019,27.54,27.75,26.33,26.37,114991600
3/25/2019,26.29,26.99,25.54,25.97,78295460
3/26/2019,26.69,26.98,25.46,25.69,75291650
3/27/2019,25.7,25.88,24.55,24.89,88468390
3/28/2019,25.1,25.56,24.65,25.06,64508920
3/29/2019,25.58,25.73,25.25,25.52,53314640
4/1/2019,26.42,26.555,25.83,26.36,62824700
4/2/2019,26.51,26.8,26.09,26.75,52823610
4/3/2019,28.02,29.9498,27.88,29.02,197043700
4/4/2019,28.88,29.385,28.61,29.09,82049300
4/5/2019,29.64,29.69,28.8,28.98,65521490
4/8/2019,28.69,28.95,28.18,28.53,57868370
4/9/2019,28.24,28.38,27.19,27.24,75260050
4/10/2019,27.46,28.12,27.32,27.83,64160940
4/11/2019,27.81,28.05,27.46,27.79,44616360
4/12/2019,28.21,28.38,27.66,27.85,40957900
4/15/2019,27.8,27.84,26.96,27.33,40739300
4/16/2019,27.72,28.18,27.49,27.93,47212740
4/17/2019,28.21,28.27,27.22,27.49,48154690
4/18/2019,27.6,27.88,27.34,27.68,39814790
4/22/2019,27.62,28.23,27.39,28.18,36400850
4/23/2019,28.18,28.49,27.79,27.97,41583740
4/24/2019,28.1,28.85,27.93,28.46,51487330
4/25/2019,28.67,28.86,27.36,27.66,56709000
4/26/2019,27.66,27.9,27.05,27.88,48736860
4/29/2019,27.9,28.14,27.5,27.69,44265600
